Searched Subject header,EbookID,Call Number (leave blank),Title,Author,Publication Year,Subject_Headers,Thumbnail Link (copy image address),Link to Library Record
Consciousness,e001,,"Trauma and its impacts on temporal experience
New perspectives from phenomenology and psychoanalysis","Mezzalira, Selene",2022,"Psychic trauma, Time perception, Consciousness",https://www.syndetics.com/index.php?isbn=100053166X/lc.jpg&client=sirsi,https://search.lib.byu.edu/byu/record/cat.7418121.item.7418121-1001?holding=4z8xrtkcbglsff40
Consciousness,e002,,"The evolution of consciousness
Representing the present moment","Droege, Paula",2022,"Consciousness, Cognition",https://www.syndetics.com/index.php?isbn=9781350166813/lc.jpg&client=sirsi,https://search.lib.byu.edu/byu/record/cat.7405235.item.7405235-1001?holding=21kc62bmvfw22pyx
Psychoanalysis,e003,,"Wild analysis
From the couch to cultural and political life","Bar-Haim, Shaul, Coles, Elizabeth Sarah, Tyson, Helen",2022,"Psychoanalysis, Psychoanalysis and the humanities, Psychoanalysis and culture,  Social sciences and psychoanalysis",https://www.syndetics.com/index.php?isbn=100045021X/lc.jpg&client=sirsi,https://search.lib.byu.edu/byu/record/cat.7397774.item.7397774-1001?holding=1a7rfj7xmu8qqwd3
Psychoanalysis,e004,,"Mutual analysis
Ferenczi, Severn, and the origins of trauma theory","Rudnytsky, Peter L.",2022,"Ferenczi, Sándor, 1873-1933, Severn, Elizabeth, Psychoanalysis",https://www.syndetics.com/index.php?isbn=1315280124/lc.jpg&client=sirsi,https://search.lib.byu.edu/byu/record/cat.7402420.item.7402420-1001?holding=w0fh00fwnn13mg8b
Environmental psychology,e005,,"Critical thinking
Learning from mistakes and how to prevent them","Watson, Gerald J. Jr.",2021,"Decision making, Critical thinking, Errors, Task analysis, Environmental psychology",https://www.syndetics.com/index.php?isbn=1000076520/lc.jpg&client=sirsi,https://search.lib.byu.edu/byu/record/cram.126.on1152353389.1?holding=lnwccqdymzevh3st
Environmental psychology,e006,,"Psychology and Rural Contexts
Psychosocial Dialogues from Latin America","Leite, Jáder Ferreira, Editor,
Dimenstein, Magda, Editor,
Dantas, Candida, Editor,
Macedo, Joao Paulo, Editor",2021,"Social psychology, Community psychology, Mental health
Political psychology, Environmental Psychology",https://www.syndetics.com/index.php?isbn=9783030829964/lc.jpg&client=sirsi,https://search.lib.byu.edu/byu/record/cram.121.978-3-030-82996-4.1?holding=7qx1b51n62rtwiqp
Memory,e007,,"Remember
The science of memory and the art of forgetting","Genova, Lisa",2021,"Memory,
Memory — Age factors,
Cognition — Age factors, Human information processing — Age factors,
Brain — Aging,
Aging — Prevention,
Alzheimer's disease — Prevention,
Memory disorders in old age — Prevention",https://www.syndetics.com/index.php?isbn=0593137965/lc.jpg&client=sirsi,https://search.lib.byu.edu/byu/record/cat.7269914.item.7269914-1001?holding=5zctl0ili37d2gqi
Memory,e008,,"Cognitive modeling of human memory and learning
A non-invasive brain-computer interfacing approach","Ghosh, Lidia",2021,"Memory,
Brain-computer interfaces,
Cognitive neuroscience",https://www.syndetics.com/index.php?isbn=1119705878/lc.jpg&client=sirsi,https://search.lib.byu.edu/byu/record/cram.81.on1154117989.1?holding=ssyn8nrp8mvgx03c
Expertise,e009,,The neuroscience of expertise,"Bilalic, Merim",2017,"Expertise, Cognitive neuroscience","data:image/jpeg;base64,/9j/4AAQSkZJRgABAQAAAQABAAD/2wCEAAkGBwgHBgkIBwgKCgkLDRYPDQwMDRsUFRAWIB0iIiAdHx8kKDQsJCYxJx8fLT0tMTU3Ojo6Iys/RD84QzQ5OjcBCgoKDQwNGg8PGjclHyU3Nzc3Nzc3Nzc3Nzc3Nzc3Nzc3Nzc3Nzc3Nzc3Nzc3Nzc3Nzc3Nzc3Nzc3Nzc3Nzc3N//AABEIAKIAawMBIgACEQEDEQH/xAAbAAACAgMBAAAAAAAAAAAAAAAABQQGAgMHAf/EAD8QAAIBAwICBQkGBAUFAAAAAAECAwAEEQUhEjEGExVBUSIyVWFxgZOi0RQjU5GhsRZSwfAHQlRykjM2grLx/8QAGgEBAQADAQEAAAAAAAAAAAAAAAECAwUEBv/EACoRAAIBAwIGAAYDAAAAAAAAAAABAgMEERJREyExUpHhBRRBQmGxIiMk/9oADAMBAAIRAxEAPwDhtFFbbaRIp0kkjEiKclCedAa8UYNNhqeniMoNGgB28oysTyYf1B/8a1S6hauUMemwx8JJI4s8XPb+vuoBbWQG9NRqmncSE6LAQpyV65wG9uN687SsjEiHSYQQuCyyEFjw4z+e/wC+aFR0yH/ox/7F/alvSr/t+8/2j/2FMmvoIoo4/s/luikY3IGB+9RekGo2kmg3coso3TAPAWO3lA4riU4/2J/k+3uKv+eUcfa/0cpIPhXmD4U17TsuOQnSYSGUgKXPknytxt6x/wAfDasH1GzaSVuy4cOoCjjI4CCTnb2j8q7Z8OLcUYPhTNdStMji0u3OOeGIzuT+W4/KvO0bMcWNMhyeWXJ4dv7NALKK9JzXlAFFFFAFFFFAFZDnWNe5oC+HpbpTwoksN1lQNwi7H/lULVOkWnXGjz2VulxxyKBxOoA2I9fqqoZozXnVtTTyjoy+J15Jp45rHQDXlFFeg5wUUUUAUUUUAVvtDbCbN4srRBTlYmCsTjbcg43x3VorJDwsCQDjfB5GgLpd9GdHTUdUsIXu1lsrE3HWTTLwElI2XkgP+ZgR7PZS9uhWrKbgcMWImZVYMeGQiPrNjjGCuME95AqLP0mvJ76+vHitutvrf7PLhCBwYA232OFFbLzpXfXsM0N1DZyI7K6hoyeqYIEyuT/Ko55G3KgM9L0C21LQHuoZJu0Y5JWFvkcM8UaoX4NshwHzjfIBqRe9DLw3Fw9guLQTSLAZ38pkSURkkgAZyc48M+FQbSbU7TSbS7tkigjtbl5oLgOBKXPApIBO6jCjljx76kaprmrSIftsFsJUuHljl6occLO/GQu+AM7jIOKZKk3zNUfRPUXn6nitw3X3Fvu+3HCgd+7lwnY1n/CF+z8EUtrLIYhMipJ50RkEYkB8MnPs3rM9Mb/r+tFvYhutmmwImALyx9XIfO71AqLH0kvo7RLciBuG3Ft1jR5Ywhg3Vk583I9uNs70IbZuid7byyLdS29ssUqwu9wSgWRs4UgjI2Gc+BB76lfwZe3MdtLZR8MU0ELcUknEC8isw3CjhGEPPltvvWn+KNTu4Vs3htZ7YhI4YJI+JIyCxXhydiC7czjBxyGK1S9Kb6W1W0ngtJbdIoo0ieMkIYwwVhv52GI8D4bChcGa9DtSdIupNvLLILYiJJMsBPjq8/nv4VjZdE7zUGP2G4tbiMNGhkjYkK7syqpwNvMY5OwG9exdLtThIeFbeN1S2RXVDleoOYzzxnb31qTpHMguUSx05be4KM1uIPuwycRVgM5yONu/GDihBLKhjdkYDiViDisKyYg77ZNY0AUUUUAU/wCjOoWlna6hHLIILubquouCnFwBXy6+rIx/xpBXoOKAtvTTW9P1W1s4NLdlhinuHMJQqF4mBDD27n1ZpfPf276gbhJk4BKGH3W7LjBBP986RgZFAz471HHJshUcVhFmhuYI4WukkP2cXkZ3TknCcp/StEeo2SfZwoRYwF4wYyWUgnJHd3+FITkgivKx4aNjuH9EPYdTiLwNNMTwXgkfKZygx9OVe219YrHCsuOJNgVU8PmtuR4gkcuefVSGimhE+YlsSb+cTzl14ccIXKggHAxnfvqLRmvKzNLbbywooooQKKKKAKKKKAaaN2Xwzdql8+T1XBn15Bx7qlAaH1WGBEnDFy4+eF6zO/8Avx7qRZozQDyTsMLZFDLxGWL7UPKwEx5fD7xn34ry4j0NoQIJWR+sXLEMfJ8riA7s+bSTJozQDuVNEMxaFn6jLnhIPHgoCo8NmyKgambc3bG0CCHHk8AIH699Q8nxoyaA8ooooAooooBh2xf/AI/yL9KO2L/8f5F+lL6mabp1zqVx1FpHxPjJJOAo9dTTHY2cWp3M2dr3/wCP8i/Sjti//H+RfpVwsehkVokMt+RNO54erByo9g2zjeosXRe0l6Q3VqqOYYY1fgLEZJyDg+6miOxOLU7mVnti/wDx/kX6UdsX/wDqPkX6VaNS6FoyE6UzdYAG6t3BBB5dwI76p15aT2Vw8FyhSRDgg00R2HFn3Mk9sX/+o+RfpR2xf/j/ACL9KX1kis7BVGWY4A8ammOxeLU7mTu2L/8AH+RfpR2xf/j/ACL9KsukdCHeNptTlVEC54Efl7a29IdBtI7aykjtuqeSZIzwDhABIG4/s1dEdicWp3MqvbF/+P8AIv0o7Yv/AMf5F+lXi56I6Y0fCUEcgAUSIxAOdge8c6qWu9HL3SPKkUSQ5P3i74x4+HOmiOw4tTuZE7Yv/wDUfIv0o7VujuzwsfFreMk+8rS+immOw4tTuZ6OddM6L6aum6TFJ1fFdT8LMp5g5O2/Lauc2cTTXUUcYQsWGA/L311bTlZYyJIC7le7cKccvGqYEyzV2nmaQtkHChiMhOfdtuf2FLooJE1J7ljhWhi37z5bH9iKlqGt440VS0j+SyMwOCQd1/LlS6KSYajJacPk9UqgDyjwjkT69uVEiyk5PLGd4pinXL4bLLkcwpB5+rNVnptYi505b7j4pIlXZdxvz+tP0d7pw84Vo3kKYUb5H1NR9TswlvLsY4pAQ6luJVBGOJf0HvqmJyrFW7oDpsU1xJfXA8mIhYyeWe8/lVSIwSPA4roHRG3ki0+BnRXUkkKvNgfbt4VCljEjyJArxZTjGSGHLORkeHKtGtW0lx1aBhxLNCSWO3ncRre0eJZJpF6n8PfYbd47xzpZq0s6RwXAVY+teMtghjy8kD8/2qgaMoNnlmAA40YH/Nz2x+VQ5oo76ymt55SQyLle/luM+4VsLzswjDKvGHnbiwQT4ZHdvWTWiTwpJ1fC2OLj4iGBPeR4UIcnvoTbXc0Bz93Iy7jfY1Hp10uj4NYdjnjdQZARjDcjSWoUd9EbcXGtwhhkIpfHs/8AtdCadonEQfDMxHWd/LJqgdDLhLfX4WkcIGUrkjbNdFmeOW4MfC5JXiUxjeNser+96kpKEdTM6dOVSSjHqLreUG6ty5/znhGfNHDsD76mKl22qzQosZXgT7xl5AZIGPHNZ6tpDWCJMUk6qRMgyY4sjBz6u8UqXXmjv5FVVZpYNiD5vCDz251hQrRrQ1xM7ihwZ6c5GFlK4R1YB/vJMjwIO+D76kQhXhSLGUBBxnJ4TzzWnTbSW5umjgzxEAhjnYkd48TUqGR4IzHL1ZlR+ryBggd1FWg56E+YlbVI01Ua5HKdftktdWuo4iSnFxDI7jvXR4IhY2kSKMqkfCVPhjnjx2FUjpyE/iGcJjARfN8cd9X2G+im02CWM9YCBjbzhjBB9YzmtmcGpJt4RBuJWkJdmJ4o+I7eceE4A9lSbjrTZWUlthgXTCsO/G2/tqNcvK8rdTD90AGUufN79vpUXU9S7Pi6uMf9O4VwhByTnkPD1+ysYVIz6G+4tKtu0qi6jW4FxbXkZkkDydS75UY3G5H71IVuGdmKKCVVS2OYP6VBimOoN9okUc18nuwVBAGfWd6n2bFZEPWgiRfM4R6wP2/Wszz4Kh/iDaoIbOcKRIMqx8QeVUquif4gSrJokJLLxtP5vfgZ5VzuoDOJzHKrrzU5Fd6/w91fTbmxhvDdRmQAo8Tx4dW22J923jmuBDnTbo/qp068+8Y/Z5BiUYzjwP8AfdXkvbb5mlozg9FvOMZ/z6HXemOpSTakFnfjVVbgES7KOIbkmqHGo7cJZlKlcZI7ifDw7qdR3AuoPtUdxFKqnJCvnbA3NKNMkbU7y6kwFTj4FI/mzy/U1ha05W9FQx0OlWpWteotM/xt9C2aE1xDfxvBMFbzz1hznDYXHtwe/uqf06e30qxbXouBS/kGEbiSQ94/U+6q1ITYAz3rrCqgLxHmoHcMes/rVO6UdIZtZlWFXP2K3J6hCPzJ9daXbzndqrHkiXDpU7WMdScugmubiS6uHnnbikduJjVv6FatCbWXTp5jHJ50Q4ch/VnOxqlVsgleCVZY2KupyCO6ujUhri45OZb1eFUU9jqs0sYD+S3V8J4QP5s4waUdJLd5e4gdaoYNvgknH7mtmj6rY6pC0fWRJI64KPlTxft+ta9Wv+tvrSwgCLIXDSeAxuN/75Vhb03Tjhnq+J3MLitrhnoMrUEQkEgMFw2dsPxDH699bDAGkkZcRsCzIxPmjv8AbWQhQwh3cGELtnltyz+4qo9JNfLR/ZLK5kYcJSQ8PCAv8o8d+dK0ZSwolsa1KlGcp888sCzpNrUmrX2c/cReTGP60mzXpO2K8rcc982FGands6n6QufimjtnVPSF18VqmWZYhu/HsixTyw56qRkzz4TjNbLW+ubRy1vMyE88d9bu2dU9IXXxWo7Z1T0hdfFamWMQ3fj2arrULu8bNzcPJ6idqjZqd2zqnpC6+K1HbOp+kLr4rU5jEN349kGjNTu2dU9IXXxWo7Z1T0hdfFamWMQ3fj2QgxBBBwRyI7qyM0jOHZ2LDkxO9S+2dU9IXXxWo7Z1T0hdfFamWMQ3fj2a5dSvZo+rlupGT+UmoxOdu6pvbOp+kLr4rUds6p6QuvitTLGIbvx7IQxWQTI2YVL7Z1P0hdfFb60dr358644z/M6qxPvIzTmMQ3fj2QKKKKpgFFFFAFFFFAFFFFAFFFFAFFFFAFFFFAf/2Q==",https://search.lib.byu.edu/byu/record/cram.135.CR9781316026847.1?holding=ox06uvj62tl0rm98
Expertise,e010,,"Peak
Secrets from the new science of expertise.","Ericsson, Anders",2016,"Expertise,
Ability,
Performance — Psychological aspects,
Nonfiction,
Self-Improvement",https://img1.od-cdn.com/ImageType-200/0874-1/%7B5B48E06D-2EE2-4FF4-B2B3-BD80E6D8380E%7DImg200.jpg,https://search.lib.byu.edu/byu/record/cat.7123518.item.7123518-1001?holding=37h0bjsm7tpg0f7v
Mnemonics,e011,,How memory works--and how to make it work for you,"Madigan, Robert",2015,"Mnemonics, Memory",https://www.syndetics.com/index.php?isbn=9781462520398/lc.jpg&client=SIRSI,https://search.lib.byu.edu/byu/record/cat.6596079.item.6596079-2001?holding=6r18yp0wtxi1f9ab
Mnemonics,e012,,"Innovative mnemonics in chemical education
A handbook for classroom lectures","Das, Arijit",2019,"Chemistry — Textbooks,
Mnemonics",http://books.google.com/books/content?id=JryzDwAAQBAJ&printsec=frontcover&img=1&zoom=1&edge=curl&source=gbs_api,https://search.lib.byu.edu/byu/record/cat.7169695.item.7169695-1001?holding=qke7bxg8cn4q78kl
Creative ability,e013,,"Creative inquiry
From ideation to implementation","Stewart, Mary",2021,"Creative ability, imagination",https://www.syndetics.com/index.php?isbn=1438486111/lc.jpg&client=sirsi,https://search.lib.byu.edu/byu/record/cat.7298736.item.7298736-1001?holding=beuxvmzhn1srmrtj
Creative ability,e014,,"The Psychology of Artistic Creativity
An Existential-Phenomenological Study.","Funch, Bjarne Sode",2021,Creative ability,https://www.syndetics.com/index.php?isbn=9781000528534/lc.jpg&client=sirsi,https://search.lib.byu.edu/byu/record/cat.7418129.item.7418129-1001?holding=unnz1de7k33mwu7d
Genius,e015,,The Wiley handbook of genius,"Simonton, Dean Keith",2014,"Genius, Genius — Handbooks, manuals, etc",https://www.syndetics.com/index.php?isbn=9781118367353/lc.jpg&client=SIRSI,https://search.lib.byu.edu/byu/record/cram.110.EBC1699136.1?holding=uxr3okwz0lighwoa
Genius,e016,,"The creating brain
The neuroscience of genius","Andreasen, Nancy C.",2005,"Neuropsychology, Genius, Creative ability",https://www.syndetics.com/index.php?isbn=1932594078/lc.jpg&client=SIRSI,https://search.lib.byu.edu/byu/record/sfx.3455514?holding=0eim53ozygg6b9b7
Psychological Tests,e017,,"Test Bias in Employment Selection Testing
A Visual Introduction","Stetz, Thomas A. ",2022,"Personnel management,
Psychology, Industrial,
Psychological tests",https://www.syndetics.com/index.php?isbn=9783030899257/lc.jpg&client=sirsi,https://search.lib.byu.edu/byu/record/cram.121.978-3-030-89925-7.1?holding=efqvheuo6x1ankt8
Psychological Tests,e018,,An introduction to psychological tests and scales,"Loewenthal, Kate Miriam",2021,Psychological Tests,https://www.syndetics.com/index.php?isbn=1315561387/lc.jpg&client=sirsi,https://search.lib.byu.edu/byu/record/cat.7204151.item.7204151-1001?holding=axrxa0ktmxpb8h6k
Intellect,e019,,AI vs. humans,"Eysenck, Michael W.",2022,"Intellect,
Artificial intelligence — Data processing,
Robotics — Human factors",https://www.syndetics.com/index.php?isbn=1000481441/lc.jpg&client=sirsi,https://search.lib.byu.edu/byu/record/cat.7389414.item.7389414-1001?holding=m17ynjsvr7zlx1rh
Intellect,e020,,The evolution of human cleverness,"Hallam, Richard S.",2022,"Intellect, Cognition, Reasoning, Intelligence",https://www.syndetics.com/index.php?isbn=9781000584318/lc.jpg&client=sirsi,https://search.lib.byu.edu/byu/record/cat.7423537.item.7423537-1001?holding=ds13ilayqskqqe6d
Ability -- Testing,e021,,"Preschool assessment
Principles and practices","Brassard, Marla R.",2007,"Child development — Evaluation,
Ability — Testing,
Education, Preschool",https://images-na.ssl-images-amazon.com/images/I/41-LrnN4+HL.jpg,https://search.lib.byu.edu/byu/record/cram.110.EBC320584.1?holding=c2t96fu194el4huu
Ability -- Testing,e022,,"Assessing organization agility
Creating diagnostic profiles to guide transformation","Worley, Christopher G.",2014,"Organizational change,
Ability — Testing,
Business,
Management",https://www.syndetics.com/index.php?isbn=9781118847091/lc.jpg&client=SIRSI,https://search.lib.byu.edu/byu/record/cram.110.EBC1662681.1?holding=vyudl5b8moa0rzro
Children -- Intelligence testing,e023,,Essentials of WISC-V integrated assessment,"Raiford, Susan Engi",2017,"Wechsler Preschool and Primary Scale of Intelligence,
Children — Intelligence testing,
Child development — Testing",https://www.syndetics.com/index.php?isbn=9781119370444/lc.jpg&client=SIRSI,https://search.lib.byu.edu/byu/record/cram.110.EBC5057719.1?holding=gz2xetkgwasyu4bl
Children -- Intelligence testing,e024,,"WISC-V assessment and Interpretation
Scientist-practitioner perspectives","Weiss, Lawrence G.",2015,"Children — Intelligence testing, Children — Intelligence testing — United States",https://www.syndetics.com/index.php?isbn=9780124051850/lc.jpg&client=SIRSI,https://search.lib.byu.edu/byu/record/cram.110.EBC2055015.1?holding=ei2y0i36uorvez1s
Multiple intelligences,e025,,"A synthesizing mind
A memoir from the creator of multiple intelligences theory","Gardner, Howard",2020,"Gardner, Howard, 1943-,
Psychologists — Biography,
Multiple intelligences",https://www.syndetics.com/index.php?isbn=9780262359603/lc.jpg&client=sirsi,https://search.lib.byu.edu/byu/record/cat.7172595.item.7172595-1001?holding=11e1tzqhs0sm2twi
Multiple intelligences,e026,,Multiple intelligences in the classroom,"Armstrong, Thomas",2018,"Teaching,
Cognitive styles,
Learning,
Multiple intelligences",https://www.syndetics.com/index.php?isbn=9781416625117/lc.jpg&client=sirsi,https://search.lib.byu.edu/byu/record/cram.110.EBC5154000.1?holding=eym23z3c8uuagh2r
Intelligence Levels,e027,,Understanding intelligence,"Richardson, Ken",2022,"Eugenics,
Intelligence levels,
Intellect",https://www.google.com/imgres?imgurl=https%3A%2F%2Fbooks.google.com%2Fbooks%2Fcontent%3Fid%3DiIv6-rxTCkoC%26printsec%3Dfrontcover%26img%3D1%26zoom%3D1%26edge%3Dcurl%26imgtk%3DAFLRE71F_lg7cVWgUvC1oQeq-KwNEIJz9_5KP1oQo46li4ESxY4BoQn5sgVnswU1-8Z-HJRzmskbrt5ZcAftEs0lPcOjUrcqVruKNYC3XoLjt0s-Om1N-z5D_G8qWB2T1zJ32C4UErEo&imgrefurl=https%3A%2F%2Fbooks.google.com%2Fbooks%2Fabout%2FUnderstanding_Intelligence.html%3Fid%3DiIv6-rxTCkoC&tbnid=FnxtfLzAg2VFpM&vet=12ahUKEwjD_bLlk6z4AhXDnGoFHQxoCV8QMygAegUIARC6AQ..i&docid=pRd3p2dIHAKo-M&w=128&h=183&q=Understanding%20intelligence%20google%20books&hl=en&gl=us&ved=2ahUKEwjD_bLlk6z4AhXDnGoFHQxoCV8QMygAegUIARC6AQ,https://search.lib.byu.edu/byu/record/cram.135.CR9781108937757.1?holding=xoy3jli5lg44nmhk
Intelligence Levels,e028,,"Language, intelligence, and thought","Barrow, Robin",2015,"Intellect,
Education — Philosophy,
Intelligence levels",https://www.google.com/imgres?imgurl=https%3A%2F%2Fimages-na.ssl-images-amazon.com%2Fimages%2FI%2F41jr9dnuoaL._SX313_BO1%2C204%2C203%2C200_.jpg&imgrefurl=https%3A%2F%2Fwww.amazon.com%2FLanguage-Intelligence-Thought-Routledge-Revivals%2Fdp%2F1138925837&tbnid=b3BUp9ihlSJ3VM&vet=12ahUKEwj63quflKz4AhUgADQIHVPuAgwQMygAegUIARC3AQ..i&docid=nuaQnz73UMxhQM&w=315&h=499&itg=1&q=Language%2C%20intelligence%2C%20and%20thought&hl=en&gl=us&ved=2ahUKEwj63quflKz4AhUgADQIHVPuAgwQMygAegUIARC3AQ,https://search.lib.byu.edu/byu/record/cram.110.EBC3569463.1?holding=fz9g5s5hio2v7qrd
Mental efficiency,e029,,"Future brain
The 12 keys to create your high-performance brain","Brockis, Jenny",2016,"Mental efficiency,
Brain,
Mental health,
Cognitive neuroscience,
Neuroplasticity",https://www.syndetics.com/index.php?isbn=9780730322504/lc.jpg&client=sirsi,https://search.lib.byu.edu/byu/record/cram.126.ocn952488237.1?holding=spln1ks4a2ypsp6t
Mental efficiency,e030,,"How (not) to train the brain
Enhancing what's between your ears with (and without) science","Raz, Amir",2019,"Brain,
Mental efficiency,
Intelligence tests",http://books.google.com/books/content?id=LN-RDwAAQBAJ&printsec=frontcover&img=1&zoom=1&edge=curl&source=gbs_api,https://search.lib.byu.edu/byu/record/cat.7075084.item.7075084-1001?holding=bitei2qateuhkd45
Thought and thinking,e031,,"The velocity of information
Human thinking during chaotic times","Perrodin, David P. ",2022,"Human information processing,
Thought and thinking,
Human behavior","data:image/jpeg;base64,/9j/4AAQSkZJRgABAQAAAQABAAD/2wCEAAkGBxMSEhUTExIWFhUWFxcYGBgYFxUYFxUXFRcWGBcdFxgYHSggGBolHRUVIjEhJikrLi4uFx8zODMtNygtLisBCgoKDg0OGxAQGy0lICUtLS0tLS0tLS0tLS0tLS0tLS0tLS0tLS0tLS0tLS0tLS0tLS0tLS0tLS0tLS0tLS0tLf/AABEIARMAtwMBIgACEQEDEQH/xAAbAAACAwEBAQAAAAAAAAAAAAAEBQIDBgABB//EAEUQAAIBAgQDBQQIAwUGBwAAAAECAwARBBIhMQVBURMiYXGBBjKRsRQjQqHB0eHwB1LxJDNicoIVJUNzdMI0U4OSorLD/8QAGgEAAgMBAQAAAAAAAAAAAAAAAwQBAgUABv/EADURAAEDAgQCCAUEAgMAAAAAAAEAAhEDIQQSMUFRYRMicYGRobHwFDLB0eEFQlLxI2IVcpL/2gAMAwEAAhEDEQA/AMQRUamevxqLCvROC84LFTjarVoZTVwNBeE3RqbK29eEV4DUxS8J9rpChXMKnlrwiqQryqiKgwq61RIqFV6HNUtRLCqGGtFCSqqFc21davTVlWnqqHFUstEEVUwqkJ9qpIqsrVr1CoRQoBa61Srq5So11emuy8q5cuUV1SryuXJ7XhFekVfg8RGjZpYe1UA9zO0evI5l1rSfIaSBPK0+ZA8SFhuZJF7IQ1ZE1bLF8Mwh4jFg1wxVe0TO3bSEurR58tie7qRqDypPHwVkw2NllhkQxCPsiwdR3pgrWvYN3fnWWzH0nASCM2Qictw8w3Rx7TwHOyN8M9pMEGJG+wk7JUKIwsRd1QEAuyqCdACxAFz01rQcf4fFACiYCQgRofpHaTZQzoCTa2XQna9Zq3x69DVaNcV2Z2AgHjl3GtnHwMFNgFhgoziuDbDyvFJbNGdbbG4BBF+RBFGT+z0yywQnJnxChlGY90Nf39NDoeu1PuL4L6bNgJgNMSoWXoDD3pAfTOP9NVnH9vxpHHurL2a/5Y1YfDNmPrWeMZUcwERIY5zu0S0D/wBAnuTeUA94j19EBiPY2dAxabC90Ekdqb93carvSdOGO2GfEjL2aOsZBJzXbLsLWt3l5099oOB4cSYiX6dAXzyP2WXv5sxOS4PvX02qGFH+58T/ANTH/wDjUU8S/I12aZcwHqlsTqOfaoc0X7DusmVJIAFySAANySbADxrRp7AYo2Bkw6yEXEJl+s26AWv628aE9lkBx2GBH/FU/AEj7xUONuf9pyPfvDFaHmMsgA+AAFMValU1ejpODYbmkiZvEaiOZSuVmXM4TeOHeleH4VM8/wBHWM9tmK5DYEMu9zsALE36U6xfsPiEV2WXDyNGCzxxy3kULvoQNq1+GQDjuJIGow5b1ywi/nXymLYHmRqeZvvc871WjiK2JIyODQGscbTJcCY1EAR27yo6JlIXvJI1jRHHhMn0Q4y69l2nZWuc+a172ta2vWm+E9gMTKgdJsKQVDn64kqCL96ym1EW/wBxH/rf+wVX7ARgJxHTfBS/J6pXxNboalRrgMjyNJkSAPXvTVNjZA4hKJvZOYYuLCdrhzJKCVZZCyCwY2Yhbg902FtdKXYHgk02KGDVbTZ2Qg3spS+Ykge6ApN/LrQ+GdoyjxnK6FWUjkykEH4ivqXEuI4eLDycYi0xGLhSFF/km1WQjxGQX/5XjV8TVr0CG/MXDKDEdebTyIvH+qI0A3XyrGYYxyPGxBMbshKm6koSpseYuKpIr1FrRYXD4aDBR4qfDnEPPLKip2rxLGkNgxumpYk89Pxce/IGyJJMCIuYJ3IA0JuVCzRqSit4nszh0kxZGHkxKRwYeeCLPIr2nOqkx6sRryOg9ayfF0Ha93DNhhlH1TNIxB1715AG1008KDQxTKzoYDoDNtwDpM7wbRM3XEQl9dU8te00oTkdKrmW6keFEyw1WR8a1OxYmaNffP7rSycZhPFkxWY9iGjJbK2yxBT3bX38KDXjDNhsbHLNI5lVOyDs7juzBmte4Xu+W1I6ktZ3/HUgG69UMA00YZG2+h5K78S8TzJPiI8tlq+PcRhnBdOIOB2aD6P2c+UsiAEXvl1I3tas0aHIq+I3qKGFbQZkaSRzj6AT3yean4k1HyR6/WVsPZX2jjw+FlR/7yMs+H0J1kXKQCNrEkm/JjSX2fxCwYmGRycqPdjqTsRe253patW30pX4Om3pInr6+B08Se0ytBtQmOS0fEMPw6SSSUY2XM7O+XsWtdiTbVdrmocExWGOCmw2IlaLPKsgKoz6KE6AjdPvrP1O1C+DBZkL3GCCD1bRpHVjxlEz7wjsa2Hw0kM2EneZkcMQ8ZQALbmQN9RTKd+Fy4j6Y08yksJGw/ZkkuLEjMBaxIudeuorMTDSqCutWODzR13TBE2kg7Hqx2QARdAfVjYJ9g/avLxJsa6HJJmRkGrCIhVFurDKpPrVOJwPCkV2TFTSEhuyiWMqVY+7mZlsQPT1pFIv41VbSjHAsBBY5zbAQDqG6TIOnEQbm6VZiXTlcAbk32nVOxxSL/ZX0bMe2+k9plsbZMo1vt+NR9lOKRYdcYJWsZcK8aaE5nIaw02356UiIqLCudg2OpvYZhxzHtkG1tLJ1lQ25WVWXSnmP4nE3CsNhg310eIldlsdFbtSDe1j/eL99JmFUNRK1IVC0nY5u+/ldGaVG1aDCzYafBR4WfEHDvDLI6OYnlWRJtWFk1DAjnv8kIFdUVaWeLkEGQREg6bgjQnUKQVscT7URk40xPJHngw0OHbvK7CBrFiV9wkXOpGnwrJSyu5zO7Ox+07MzWG2rEmogVNFqlDC06PyDh22AGvOJPNQXEqIWvauRK6m8qGXhPcnI0NLFTKaO/n8/wBaGPQ+hptrtkhUph1wmHsPw6LEYsJKgZckhykncWsdPM0R/D7gsOK+krMPdRArXsULFhmHjoN6v/h4v9t/9KT/ALaH9jlthuJ8v7P6jR6w/wBQqVJrhriLUYvpLyCR9eO6Nh2tinI/n6LvZbgitjJsPiUDGOOW41HeUqAwtyIa48xUPYzCQGDFzzw9r2CIyrmK75r6jnoK1nstIuLtjbgTLA+HnH8zDKyP6gH425Vn/YWfs8JjpCiyZY4jkcXVvf0YdKUqYitUZWzSHA0mkAxfOQ6Dtm1kRYhWbSYx1ONDnI8LeCVcY4hhpIx2GE7Fgblu1L3FjpYjrY38KfcSjwmAKwSYX6RJkVpXLlbFr6IPQ9OWtIeL8YGIUAYaGHLc3iWxa42PhTf+I3/jC3J4kKHk2406/qKO6iTUpUXhzQQ8kZ3EyMsdaSTYkxMK1KqC1zgQdBMRrOyq41weKLE4cR3MGIMTKCTcLI4VlvvsRr4+FMOJTcPixLYZsCbB1TOsrX7wUghfDN15V5x9Ss/DEOjKmGDDmD2ib+qn4U6XiMTcQmgOHgWYf3MzKGLSBAwz7Hysfs+VZjq7yxjnZnQxxs4jR0Zra2jjxiycAEmOP0WfwnAY04oMK47SIFjZuYMRdQ1uht8KS+0XBWgxbYdATmYdl/iWQ90ehuv+mnvs00rcUVpv73NLn8GETiw8NBbwtRWA4vB2ZnnIOIwTTLECbGRXJEen2rbeFr0ycRXo1Qfn/wAbQY0Ljmh3YSACeBlCfTa9saX8tx4aflKfb3gUWETCqi94rIJG177L2ep6as3xqfsh7NRYjCSNKB2kxePDkk6MiMxK28QfRKr9sZHfB8PZiWdkmJPNmYxk/EmnuMwIgbh6DF4eL6IA8iSOFZ2kAEhtyuDJb/NVX4iq3Bspl5zkvvf9rnHbi7KOAB2CCym04hzosA23aPt5r59wXGwQ5zicJ2+gAUyFOzKk5thrfTyy+NaT22jwOGdsPHgQHaJXWUSuMhfNbu63tl660q9veHdjjJwB3ZPrV6WkuWt/qDUf/Exf7aP+RF83pw5K9ajUBMPa50BzosGxYEARJmNd1dstaWnYxp2pVxnARR8LwmIVLSySyh21uyqZLA8tMgpljsPgeGrDFNg/pc7xLLKzOVVA17BBa24YDy1OtU+0i/7mwIH/AJ03zmqX8T1/tMMv/DfCxZW5NlLk2PXvL8RQ2TWqspOJgvraEgnKbCReBJsI08TyACRwCC9qeCwRS4SSDN9HxgR1RiboGaMOt97WkXy112ov+KHswmDcTYdcsL3QqLkRyqLjfYMuvoetWe1cZWPgsbCzpEuZTut2w9rjl7p+FO+MTrLxLG8PnP1WLWIIT/w8QsKZGHnYDzVRzoDMRVb0VSSQGvLv9mteG95AuDvBB1vaBfu9FlfbvhcWHnhSFMitho3IBJuxLAk35mwpCiVsP4nQkYqFTuuGjB8wzg1mYoSa1f0zM7Csc4yY17ylcRVDCVGKK9e0wVAo8fD8K6tBZbq7yVocTAr3K6N0/Klc0d99/nTaWx1FA4kZt9+vI+dGyJeljoMOQ3DOJPhpO0jIzhWXvC4s29x8KqwmNkhSVEIyzJke4ucuux5HU/GozxcjoaoFxod6GaNNxOdoMxPPKZHgbhOOeXiWHSfPWO1FcH4tLhS/ZMAXXI1xcMORt/MNfjVWA4lJDHLChGSZVV7i5st7ZTy3NUMl9PhVZHLmKu7D0nFxLReJ55dJ7Nkr0rxAnSfPVTrQ8O9rMTFGqKyMq6L2iZingDcffes4jVZG1j4GgYnC0qzctRoPaooV3UnWMJjLjpZJe2d80gZWBIG6EFbDYAWGle4zGvLK07G0hYPdRaxW1rdLWHwoSPermGvr86VNFjTIA0ju4LYZULgmS8bmOIGKunaj/D3fcyai/Q9aS4jUknckk+Z1NFRLUJo6rSpMZ8oAsB3DQd0rqriRde4zi8rLACVthrmPu/4lbvdfdFLOL418RK80ti772FhoAAAOQsBRGJXSl8g1pinRYw5mgA38zJ8TdZ/SOL8pNvxHojuI8VlxCxLKQeyTs1IFiVFvePM6VZxfikmJk7WUjMFVe6LCy3tp1uSaWgVI1VlGm2MrQImOU3PiblaAcSLlW4vikjwRYZivZxMzLYd67k3uefvH40w4X7ZYvDRLEjI6L7olTP2fQKQQbeBvakLCq6pUw1F7cjmAiZ03Nye038URrjrKOx3Epp5u3lkLSXU3sLDKbqqrsAOlT4pxGTEzNiJCBIxU3UZQCgAXL0tlHrQCLRcEJJsKNTosBBAFhA5Dh5DwQqtXKLphxTic2MkEkpBYKEuosLAk/EkmpImUWG9EYfCWFhvzNW9lbbU9aljWNAYwQBoNlmV6pPWcUMqW1OpNe1aRauoyzjWJNlespXxFXq6sNN6pZP3+lVMnMaH7jRQ7imq2Ga+7bHy98wrZYwRYj8x+YpfiE5HcbH98qPjxHJt66SIEfv7uhq0ApRlapQdlKVB+R3rySx1G4onGYUctvvFAgEGxqQE8araoka+/fJeX51YutW/R/tD1q9MA29rDx0Ou2m5riAUu9wGqjEfjRca3FEYfhZNu8R1JBsPWm+A4bCDZ5b8u6ra6eIHOkqoaE9hK5NikiJY1KWKtIvC4zbLc76A5SPHUG9EJweE/aOuwaykjqN/lS+cBaJzEWhYXFR+HSlUq619H4t7LlSLSJlNrEn8r3pCfZksxCSRsRfTNYnyzACjNqMLdVnFtQVbhZW2tSYUyxnD2jJVlKsN7jXXb8T61QMMQL1cNlPh4SyZarC0TLEd6nhMKWO29TkVX1g0SVDDYYkgAamtDgMCFHzP5VdgcAFHzPXwHhTDIP3sKG989UJa/z1EOY9LDQUPPZdBRc7252+ZpRiZvSrU2rNxNXOYChM45/CuoF5CTpXUzkVBStdaWSAj93Hx5VU0Xx/fxposZ+yQ33H4Gh5IQfA/vlVAQmnGo25v6pXND1qgOyeIpoU67fv4VWMLf3fgfwogkIL6tN4h3gbH32KqGzivV4QXNlUk+HLzrR8J4EnvyaW1y+HLN50+Mfd90IPsqANfE9R50F+JAMD39/TmqMwNT5g6Bw3/HryWWi4cMOo90FrjOxB0Fgcqi9r300vpv0oxUxQgRXA0732ifPl5CnmI4E0huDcseRG5qceCiiIViWIPvaWuP3vUCo3XU8FOWo7qkZBsSfeupgTxKTQ8JJN5HAPRmuxv4dfO1MY8HEuhLXH+Ebf8Auq2Xh4ykhhbmCQGB8ufpeqsListlYBgL2vfTrqOVVeS8SD9ExTpimdI80fFFHuGa++w3HrVUmELd9TmufW55W/e1McH2UhsBkPibqfyqvFo8QYDS+/p/WkCSDC2GQ5s+iviiDKInIsRYjTMjW0IPMXGvnWQxOByMwYkNe23TrTNXNXcXkBjRsvfIsWJ2y3G3Pz8KKyWntStVrXmTqEA8rMoEkSuVFgzai17WBHS450O+Dhk0I7M6aqCVHXMCflVvBwVbOddbW6g7j4UbiYjGSqDe4vbUi9ib8hRLAwPfqrAmJPv6+azPEvZuRSNMyH3WGqt68j4GrMLw4IP3r+lbTB4kqgV7uvNTqPLWqcVwwSXKWH+A7+Q8a41ieq7xQS0Dra8vf98lnLUPPMF8/lVuNbLe+nhz9elJcTPTFOjKy6uKdV0UMVivU0AwJ3NWPJc2GtWRYQnf4U1ZoXU2HZC+QrqdQ4HwtXUI1mpwYY7p+8A6/H869CNsbHz1+/cVSiyjZlbwOlSE7D3kI8vyqMqU6So3h6L1oQdNj8f1ojA8KJOa2gufMgXtUsMVcgfMWIHOnuDsNeSjQHUXP7+6hVHFosiUgKp649/hdn7NUz95jy6X5n8q8BD3J73he3xFqsVC51tbnf8AXWrQI1Oi2Pjf8NRShMdq0Gtn5TbgffqveHwlbkaGxt62H40txkdzYi3yP5VoosQltdNDtrfT7qWzANfTT5VVlQ5iSr1sOHMDUlljINtfAnmOYNW4Dh2Zg1u7z5W8704w+H9R8vKpy4RuQ7v7186Ka02QGYYsMm49+SEwvDipFipt0I/OmfE4CyAkagW/KhcPGgsGYk8rDceZNMcC4Kka+ttqWqEzK0KIaBA35rNwrktdQfO9W8XwofIwXS1iBsCvyBuD8aaYzBKCLXqiPuKxNiDy6/rXB24U5bwVm4saY2CgCwOgKg6/OnOKiBHa8yLEdCBy8KWYzDiNyw16eF/xq7C4vQhtjbXoRsf31pgtm4Spcbtd3KUS9orL6jzX9L/dUxhJIhmCt6cvPpS+PGFGuBfcdNwRUcDG5bN663ohaQOSU6MPIJknlt5K3jvC3nPaoLkqC6iwubX08SNbac6x8vDnJ1HoOXrX1DDS2OYasCA3iDtfxG1/AUn9rMIARItlV73HRxv8d66hiHAhnh9kSvg2Nmrvv9/usXDgVXc/D86u7QDRRVcrqDzPntVZxDctPIUyWzqgCrI6gPcPqUQcx3sB411COWO5FeVOVcQ/+I7ym0OPv9u/nZqLjxZ6KfIkUjjwg6N8KKjw3TN+/SuIauyu/l5f2tHg5Vse706c/h0pxGq9mLDcn7gPzPOs1wrCE5u8bAXOviAN6ecMUlSC2im9zawvp152+6l6sDQolFt4gXH1TCOMZCPHX4afM0Pz0YHwIrp+Iqpsu3pr52r3DTK5FjqeVj+IpcZhchO5WEgAhSBYct+mv616hOu4v+9RUsVMuykac+tdgZLsovfWq7TCsKYBsfNMMKiqNTr0/Sr5cQraEafvel7zkk7fEV4FPSh5dyiSRoinwAbVaKwWHsfnVWDDDkabxL1FDe8iyLSYNYhCy4e4t40oxuG18BsK05jofsRe9qG2pCKWSseeHsx7w228KtPANLk+laOR1BubVCScWuBc30uQPgOlG6Z2yCaDTrdZeThYUE6ADnQEsoiJNjf7Iv8AeRy61qJZS2hjBHTak+OwSsCVI8ra/rRmVL9ZDfhzHVQ/DMU2VmvyG3UsD+dXcUParIhucyiRfBlF7fDMKqiYLE2vNfjr+F6Iw7p2iRve5VQGuLDPrqLdGtvzqTrIHsQqhkNykj+1g5sP4gVS8VvtD4Ufx5OzldF2DG3lypKzHxrRaZEpKDoT5D6onKK6hwp8a6pXZT/I+X2RSYo0VDiuunw/OkCnxq1PWoKN0AWx4XjgRIuhJXTvD7JBPrYE+lM+HYvNG43Isba67g8vEVicK5UgjQg3Bua1/DbOEkQLoxz9V23F9t+VL1IF1zaNxHuVwxYKuTcZbcr6E25252ofD8bynQH4jnp1o98NftAY8rZeWzHMuw++k8uDcH3bVzS0yChupPFx9UYeKA/YPxP5UXg8cQQwTYg79Kow+ACgMzZm/kA2/wAzflTPh3Cs4Yk2PUg2/SqPqMARaeGqE/19l7iJlzmw0JuD1B1FNMDiVYAEUvbBW7rDMOWU6jyPMeFFYTDZDckBQeehpZ7gQnWYeDJTzDuAbUXHOKTvjQASB3b79TvXk+Oyp4t8qWLC5Hs0J8JQa5iDWewOOuSPCpfSGBIruiKE6u0K3iEDcjVGFja+u3OiIcYToaMWNSNNL1cktEFDHWMhKcTIzNpp+Fv6Urmezm+12tp52rRthtdT6UNiMDmPL0ojKjQg1WPN1mMPHc6nujU+QqtZCXeYC+S9h0+ynoLj4U5xWGsLDTrpvQpwzKCBuQb+Ghy/P5U30gWeaLrCdL9+3h6SsZxpLytfU6D4AD8KW9iOnzpxicPrrqfT9KDMPhWgwiIWQ5r5JnVCdkPD768ohlAryroeZ43SuNhyT40THG55VKA9BR+HUnn8NaSc6F7RtOUNHhT1o3DxlSCL3HOtFwn2deUAhdOpp4fZFFW7yAelLPxIBhF6Bu6S8N44yDKwzL4aEeVvlTaDFJN4gD3W0YeTDcVneIQojEIbjrVeEx/ZsGG4P7FUNMOuNVUnLZbLCLACNPx/AUwlVfsOPIfkax0+M+2uqHbwvyPQ0fw/GFt/350J1L90rhVGi0IwYAzajw01pHxKVidrAaaagfrTqZgY0Hgf/lz9DSHiUZWNhbS4sep1Bt10+VVparqhgSq+H4kF7MCQL310HpbeisZPHIRZip6Hb0IpZhIsq5ebaseg8fAUvxmNFyV0FrL1t1PiaYLATZKioYutLhnRHF3Hpcmj8bi7HTbp1rCpMSwrS4cM6g9N/KpdSAgkoLqpIIaERDiyTcaeVNsLOetLIMLY6EH15U5waCl6uUaImHLj8ytRs2+/Wo6irnQgf0oYMb/u4oITLlF4wdxrQWJhFiBr1PXWjpr+NAzsV0GtEZKBUiLrN43A+H79bikk+FA8PS3y0raOobwpfiuHk6i3yp+lXjVYuJwhN2rKtAP5j9xH4V5TLFYQrup/fl+deU80giZWS4uaYI9VlAaZcNcg3Avbw0qeEgiB7zAeJ/AVdiOORR6Rrc9T+ApF7yeqBK99Ro5hmcYC0UftLMi2JAHLS39aDxntAW95ifl8KxuM4w8huTVKTE1DcMNSFWpVAMNTzE8QzeHzoGTG2NBNJVRWjtYAlnPJ1TTB8RZWuDvv0I6EHQ1peF4mPd1s3+Hb4E6fGsbEMvnR6YjIN9flVHAHRV0X0BuNxWVLnQ6MbWHhYcqMECOgNxa5IO4N7XFxzFq+WjHG++9O8Fxl4rBGIJ38fMc6C7DW6pQXYyD1gtBxDCNrZsw6A3+4UDBwdmN2089KGf2jLEBo0bxsVP3H8KecG45GDZoVHipJ+e9Vd0jRopYabiL+qHfheQg7jTY3+VMcMrte405DkKaYudSoZCqgi4BAvY+d6WDFKH1kzkgg2vYA6c/wobXucNL+/eqI+m1vYmQiVbXOo6Ci8NiUHL76XzoQguQdSLjloLA0lkxbKdK4UukGqXqV+gdotwmKBFDSyG9xWewePJ3pxG+YUF1LIUwzEdILK+SXMmuhB+N6AeisU1ly313P4Xpa0tt6ljeCpVdBuvZUvQpYirXkqstfejAEJVxBVbkcx611cwttXlXQiV8ckxZOxrxNdzQOep560BC2iHJiHUVZ9Iv5UrXqakHNRAQyEwM3T9+VEQm2p3oSEWGu9FQjmaG53gquEdqLQW1NAYnFXNuQ+81HF4rkNz91QlZcqKo1GrHmWPLyAA++paN0nWqZeqCrcM2ubp86LEhAJ5nShF0FeYie2nSiBZzqmd8DRXjEHU0w4fjiCLms881FYaTUCqRKeHBfRcJxpXjCNuFsD1XcHzX5eVLMRimSQg8iQay4xrIVINipBHmKdz3niEy65QoYD7O4F/Kw9CtVbSDDOx9UGvVeRzHpC0ae0IikIYXSQI3kwUa25/aB8qOk4jhHAOcjr3TWBxbns1N9VJB8m7y/fmqOGxVXGFYbyQff0SVXGVQLAEG4kTE34jeVvMNiYb27bysrafdTfD8RQe6ST46V84ixFOMDiydeYodXDDiUTCY5xOUgA8p+pK2c8t9aBd6Gw2OB0vXsj0sGRZPVHkiVMmrUsfyoQt4/vxrwS8quWIAqAFSlexrqoduute1cMQTVuvioqxWAocNavc9ED4Xpiry96IhAXU70NELamisPHmPhVS6UNzsvaisOL6n+n61PET2HyFQaS3kKDkkzGuAlLOdFyvM/M1bh21oe9Tja1XzLPrMMZjuji9AzSXqbyaedDsagusowlGXSV6GomGSxoRasBrgU3UHBXSTE1dhcayaqxB8Dagia5TRA+8IbsPLcx1TafiTS+8w9Aov55QK7Dy0tQ60TE+tGaRskK9OCQnsT/fRUGIKmlWHe4osNperkSs0gsdITqHFc+RprBi7ix9DWUinK+VHYfFW8qWqU0/QrTqtCZP31rma/72oCPEXFifI9a8M5Hn86GAiPA12Rhm6/1r2gWmBrqtAQLr5Ch60VEnM1VAnM/wBKuGp8KVC9W50JvheCySRiUBuzMTyZshygpK0WQttmOW/rREXC5icgQA3I1eNRcSdla7MAT2llA5k0FHj2VQotpE0V7a5XkaQ8/ezMfSrsV7RyMbhI1NwxsH1YTriLnMx3deWliRUEv2QIBN1XPg5c3Z2XNlLgCSI51Ga+SzfWEFHBC3PdND4rByRqrMBZrWIZG3VXAbKTlJV1axtoaKwPtBLHsEPdy69oNM0za5HGYf2iTQ3Hum1xeg8Rj3dAhtYFDoNfq4khHP8AlQet6sHPUOa0o9OEqwXJMSWhaezokSgK7R2LmQjdG1NtLdbVFODTEhQveBYMGaNACkgiIDM+vfZV8yLXoVMa1gNLCFodj7jSNIee+Zzr0op+OSkk2S5LNsd2nSY8/wCdF9L1X/IlqppudBleYjhrqiOQcrxu+wBBiEpZbEi9hFckbZhpewI54PODYqoOt7yw2WxjBDNmsrXliFiQfrF617juOysoVshCrKq6G6icSiTLrpftT6ovQ3I4T7SFZXeUDvhzdULWZzhr3XtFNsuGUCzaE31GlVc94TNKmxogIeLCAGYSuUEAJcqokN+1SGwGZQdXve+w51ZPwmZHZMuYhioIIs31wgBFzsZCBr1oNOIBGltGrpJdcspZu72iyLmKMpLXRbm+uvWiD7RS6kiNmz585DZh9emIygBguXtFB2vYkXqxe4GysGAi6kOFSmwAUnvXvJCEGV0TR89m70iL5sBrUH4bKidoyhVFgQWTOMxYLeO+YXKPuPsmqE4q4XKMthm5H7csUx5/zQp6XppxLjaz4dEIbtAwY2FluWlZyTnOcfWd0ZQV11N9ZD3SOClzQWkLyPhYJRO1+sdDLYqAir2LzKDIXGtlUG4AGbfSojASjMMoLJbModC1my2KqDdl7694XGoqs8Sbu9xMyoY89nzFDG8Vj3suiudQL91d7amQ+0MyoyAJ3gBfv6ZUiQGwbKSOxQjMDY35EijtNUWHv3wSFVtMwXSi4OGSrmLZRlKaB0bNnZ07pDWYhkYFb3q+WBk1IsCTYErm0JFyoJIF1Ou2lL1447fYjAuCFAewZZHkzC7Xvmkfc2122ombHmUDMq5hfvDNcgszWOtrAseV9taPTNUm8Qs3EU6IByzKOmwa5VKyFsyM5GRVyhWZd85vqh9LVFuGzpuoOtrLIjNfOF91WJ0dlU9CRVC41rAaaIybfZdmY+t2PpVrcXkzZxlBzM17bM0qSnn/ADIvpVT0w0uqD4c6yOz8yi0zopLABe73s6EEtqChB7+3K+1XCbNod6VvxRj2mg+tADd6RtB/nY38Cb25WqGHxHInyNVaHfuRHPYDDSmhf411UB83ga6iA8VTIf2lYBNf3vVoa1UKbCuZ6z5XojdTllqsGqWe9OfZuNGeVpI1kEeGmlCMWClowuW+Ug21POqVKopsLzsiBuyX5qklNpeGJPLghCnZ/S1uyBmZYysrxyFS1zlyoWsSba0yl4ZhzjY1VMuHxcX1Ny31TurIu+pIlTY/zUI41jdQZhxj/qSCNeToiQcp5TVzDFuQ8Vmia4mtFw/hkYl4fDLH35T2kwJOqyPaNDY6WVCdP56DwjQx4RppMOsx+lCLvPIpCdmWOUows1xub1Y4xp+UE3AEReXOaIJIF8si4sQlWYc5pPuwP1WdnbWqC9H+0eDEGKnhUkrHI6qTvYHS/jatCnBofosMj4eNY2wbStie1ZZRiLy5FVM9nBKxjLl+0ddKDVxbGNa+5DtIjcTuRtsJOwCdDDpwWRMlRz/v1qsnbyFaP2Q4cJosUww6TyR9hkR3ZFs7yBzcOutlG5otaqKTS47RwGpjUkAa6kgRdc0SUkVqvhfStJguF4b6Tj1jEMiQRoYu2lYQqzSQq4aUMMwUs6gk62G9V+z+BWV8Z9ThmeMRiNDMww4Z5QhyyZwWBG12NyaD8ewSYNgDsPmyxqbfMJJsL3U9GSlQNTBrRQcOg+lzRqkZ7PDu5jaRxCmIRFzqZCQezV8wuT8qlJwqH6bBAyKhKM2Iijd2RWVZJAquxJGZFQmxNs2hphv6lTm4d8mfQaQTx1tHCSBN0vUw8jXePNZ0GjcPJRixRTJhZhCsXaYnsHRGcoy/VMCMxJU2cg2PjV3FYYjHiHSFYmw+J7LuM5DoxkAuHY2YdmNR12pqnj25wwtMkwdOqc2W9+O4lIV8GS0uBt+JVCtU7/A08j4fAcTi427iJGMhufq2YxAMddQC+t+V6X8XwnY9ihXK5iu4198SOp/+oq1L9RpVXtYAZIBE8C3N6WPAkcUlWwL6bS8kQJ8nR+exAHpXiNyNc33iq21F6cKVAR+HmvodxXUGjX23FdVYU5iN1lS1Uu96jI9RSssFeraFcgo7h3Emw7syqj5kaNlkUsjI9swIBB5daDU2FVjWuc1r2lrhIK7eU7j49N2qyjs1ZYmijCJlSFGDD6oA91u8xzXJuTvXuK4tNIsSySFzEzMkjFmkGYqbFmJuAVBHS5pXGKuFVZQpNghokaW7u3c77lL1Xm4lNZ+Oytihizl7UMrgWOQZQABlvfLYbXobCcbeGMxiOCRTIJR2sZfLIFyhl7wG3UGgmahZnrn0KRblLREAdwmB3SVejm1n2VHFztI7O7FndizMdyzG5PxNdjca0oiDBfqYhElhbuKzsL66m8ja6cqoc1C9cWiRbTTlaLd1kdXSz5gi5EGQEZlFmfMb/WG/eI2Gg0q7DYtlilhGXJMYy9xr9USy5TfTVjfQ0JU0rso07++Z9brkx4VxNsOZAscUiyoEdJVZlKhlcaKym+ZRzqacQa06hI0WcIGVFYKojYOvZgscuo533NLgdauiOtSKTM+eL247QRysQItNt1yeHjEru8jZC8kJhc5T31ZQjMdf7wgDXbwqacXlDwyArngUIjWuWUXsJL+8AGK+WlKYmqy9EbQpADqjSO6CI7IMcItohOJTXEcVduyskUaxPnRI0KpnupLEFiSTlUb7C2lS4hxd5wVKRRqzmRhEhXPIb95ySSTqedtTSsGpg0RuHpNLSGiW6evjN51m6A/MQROqdf7YkkaZ2C3nAR7A2ABU93XQ9wdedW4ziDz5DIQWjRUB1uVW9s19zrvSNGtRkcnPpTNOhRaQWtEjTlYD0AHcFl131bgmx+8+qJDc68Oh8DVYax8DUz0+FGSUQovobiurkbka6ohWniFjBvVsddXVlBeq2UmqSV1dUqNkQKsSvK6pCTdqoyUHJXV1S5NMVB3rq6uoaIuFWLXV1SFK9WrY69rqsuRMNW11dRmoZ1UhUq6uq4QnaqYq+L8K6uo9NZuJ2RB92rTsK6uoizyoS717XV1VKkaL/9k=",https://search.lib.byu.edu/byu/record/cat.7425677.item.7425677-1001?holding=rxsa1a5nkywgc1f4
Thought and thinking,e032,,"The bias that divides us
The science and politics of myside thinking","Stanovich, Keith E.",2021,"Prejudices,
Discrimination,
Thought and thinking",https://www.syndetics.com/index.php?isbn=0262365235/lc.jpg&client=sirsi,https://search.lib.byu.edu/byu/record/cat.7294417.item.7294417-1001?holding=8dzg8sg074dkj0jj
Problem solving,e033,,"Problem-solving
Leaning on new thinking skills","Eisner, Howard",2021,"Problem solving,
Creative thinking",https://www.syndetics.com/index.php?isbn=1000395960/lc.jpg&client=sirsi,https://search.lib.byu.edu/byu/record/cat.7300163.item.7300163-1001?holding=xp1h07v502nftvos
Problem solving,e034,,"Human Frontiers
The Future of Big Ideas in an Age of Small Thinking","Bhaskar, Michael",2021,"Technological innovations — Social aspects,
Problem solving,
Idea (Philosophy)",https://www.syndetics.com/index.php?isbn=9780262367769/lc.jpg&client=sirsi,https://search.lib.byu.edu/byu/record/cat.7389950.item.7389950-1001?holding=rk0u9jkr1kqwj1wr
Reasoning (Psychology),e035,,"Healing the reason-emotion split
Scarecrows, tin woodmen and the wizard","Levine, Daniel S.",2021,"Reasoning (Psychology),
Reason,
Emotions (Philosophy)",https://www.syndetics.com/index.php?isbn=9781000334074/lc.jpg&client=sirsi,https://search.lib.byu.edu/byu/record/cat.7259950.item.7259950-1001?holding=c0f6rucfzzy2d1ob
Reasoning (Psychology),e036,,The Oxford handbook of causal reasoning,"Waldmann, Michael",2017,"Reasoning (Psychology),
Causation","data:image/jpeg;base64,/9j/4AAQSkZJRgABAQAAAQABAAD/2wCEAAkGBxQUExYUFBQXFxYYGBkcGRgZGR8gIBkhIBkbHx4iHh4eHiojIB8mHiEeIjMiJistMDAwGyA1OjUvOSovMC0BCgoKDw4PHBERHC8oISgxMTQvLTIvNy03Ny8vLy8vLy8vLy8vLy8xLy8vLy8vLzEvLy8vLy8vLy8vLy8vLy8vL//AABEIARMAtwMBIgACEQEDEQH/xAAbAAACAgMBAAAAAAAAAAAAAAAFBgAEAQIDB//EAEwQAAICAAQDBQMGCQoGAgIDAAECAxEABBIhBTFBBhMiUWEycYEUI0KRsdIHFlJTVGKho7MzNXKDk5TB0eHwFSQ0Q3OCkvF0wkRjsv/EABoBAAEFAQAAAAAAAAAAAAAAAAABAgMEBQb/xAAtEQACAgEEAQIFBAMBAQAAAAAAAQIDEQQSITETBUEUIlFhcYGRobEyQsHwI//aAAwDAQACEQMRAD8ASeM5fiJnmKTShO9k0jvyABrNUNWwrpil8j4p+fm/vB+9h8zeSlLuwjcqXcg6TRGo9cU5/Ayq/hZvZU7FvcOuJlWmWPEhQ+S8U/SJv7w33sT5LxT9Im/vDfew65Li8SK6lhZ32YUfAw0v1076tuo+reLtBCvcHUvzN82Hj25mqNg7DfkBhNiE8QjfJeJ/pE39u33sT5LxP9Il/vDfew6J2hhEbq0i6pNRvWKbUAAWs2dHNdzvizH2iikeEKwJQgAK4LH5tV2s7GwTQob+eF8YnjQh/JOKfpE39u33sT5JxT8/N/bt97D1nnIkV2Vh7At6DNVCz0tj9uOpss6rHIe8kXSCtG1JYqAL3/yweIPGjz/5LxP9Im/t2+9ifJeKfpE39u33sejZntAgzBevEFKlS1EfOajdEkUPDz/ZtjlG5kilRImf53UzrvoO1KQBXs3/APLDXGKWWxVVk8++TcT/AD8394P3sQ5Tin5+b+8H72PTjm5JJVmXLuygyKVosGtmoWb9k1tyBXasBeG5wanlssI1bvHWvmiwI13yBB3F+WCMYtcMHVjsTPknE/0iX+8N97E+S8T/AEib+3b72H2DiXfrOIBrDMrOUN6VCkeLSdy3tG9rvFWDjaJE8QZLkbqemkrQFizZ63XvwvjE8aEz5JxT9Im/t2+9ifJOKfpEv94P3sei5bMNL3RhikkMDaXoWNgAUIFizRvYc9wTvjkmYYxzvpfTqYuyVpUAEaZNtlX/AHWxCbY/UPGjz/5JxT9Im/t2+9ifJeKfpE39u33segQ8QDiELFq0mJ9v+4qqVJ9QTuDy87xMxmAWcOsnijVLIGskG7Yct+W3SsKoRfQviPP/AJJxT9Im/t2+9ifJeKfpEv8AeD97DxLxmJY41avAyAgkaLUm662901+WLLcUBm1qGakKuHok8yDzI2Okj+j5bYXxCeNHnvyTin5+b+3P3sT5JxT8/N/bn72G/VvubPP1/wB88d1ych01G513p2PirnXnhfEh3iQD7HwZ9c3EZppWj8djvyw/k3qxq86xMNnCOHTLMmqKQUWu1O3hYb/HEw1wQ3xoq5LPnLZuaJ5AYJ3ZizEHuWskar2A2rfltjTPZXW0jGtB5NqFUbqjttzJPU+/G0mjM5qVCEWJGcM0pA1sCepHSgAOo38sbcUEAcrDKzxKFsEUq0Nq86BBuuZ8ycPgsPBoyxkCLwmPZYrB81o8vO9rPPfp67Yo9oIgYypjGsbhxY1dOXIefx9MMK5lUIbQKPNKtnHUknl57Ef4YpZ2VpD4S0aHklgk+817+W1E4e63kVtODQlxhFFEk7bgRk152GIUn1BxTaEe0vs3R6C+demHKThgB0kHVz0AWR6seQ+NYC8QycKbu9eg3J+rBKLRSnTwHOz+eLqBPGzqFpZDuygC6P5a8yKN7Hnywxd5MYQvf+OSg83Ion0dhzJ5ajRo3hK4AzqrN3LtEpBWidQP0dPSze49+H7gEsbxtHH3rysbLy7k7Vb9AF5BB6DzxW1VzjVn+fsGnrW/LAEnYx47SN2IYbhGIFfrf7OJwrhU+XGiORowTb86JHWsej5Hh4ijCL8SfM88YzGVB6Y4+Xqzbce0bVUYZzgQm4fKQLLFeig0PcAOnP68WxmV1hxGZUUnvMsxPkBaD2TyuiDvvthqOWA364xwfhw+Uq9bhWBYddsWNLrnKaSeCW5VOt5Qg8V4VBI4lysPyWYEaIy7aZNt1bYCMnkCDRJF1zwRh44JWWOTLn5QhpkeBdamqBaUvbDYkPpu69LeJeJ5vxJ3ULUxBP6ms7g6t27ujW2+ryxzyPFs2GRnjXQCoJobKQurkxNhrA9y46CDnjDZgznHdmK/QETZ+DIQzsrqsj//AMeOyzuR4GAB8II2J5bD3FYi4GI4o81MWR38Ug8QSz7Peha1IPpe/wB+PTuArmnbvcyieySoWuYY6V3aq00egvFrN8X5r8nctsK1R1v7n3wirxJuPb7KtkpSfB5lFxCWbS+t9ZDW0baVPMlF1VYC0Qar4isU5s9LZ16mTrIq08Y83AA5n6db+o5epw8U0ijlHGwBY93uR/7csWTxNNiuXkPmQ0VfG3OLlclBcIe5t9nks3BmdbdDIuklWC3qFeQFAnoTt1xpw/KnululKLp0gcgNuvM1j15UlYahDJpPsqGjqunJxvjYiS6+TSVtvqj+/iZX/VBCSjyee9n+DtmdNgLDG4s1WrYeAee3Xpe2HDL8PqUSAqIkXTBGqEaCSdZPqaoEdMF4c9N7Iyzjel8UfLzPj54trmpP0aQ/+8f38RytbFnY2DPXpiYIyZpyp/5d6PXVHtv6PeJiPIzJ49xfJIqzQ92GPeszkret3ctpFfkLRrr/AOpxOy3CxI4Vx83sLqvFZICgbHn1/ZWGvJdm4syusM6jvJNdHdqcjqDW45gg1WG3KZOOJQsaAADp0/zOFU8F/elwKXEuysHeLpB+cJsajsAp335Ua25b44y9k+7Uurprr23OyC9yt7XV8+WHLPRgqbIA87oj3HzwE4hwmV9AWRSAb0sDVdNjzbnz2wqtf1FhNCzwTgJLapZVhiB5sRcvmfHu1/lH4Yucd4JAU1pJSAHVJHIux6G2U7/G9tsGuJ8JgmXdTqHMHZv/AGvp6+WPNM5NIuYaBSBA7sKC6tZTkWU7VfLliK65tfQcoKfL/Ys8Y4y8bJHDm5XjKEOQPnK/U+ixO+5G14L8AGYZDKFKLt3SuRqoDckAUNR3PXFHJQl1ZoozFTaZFW9RPUqV2A8vfizkKif2MwztzYOGsfrBjX2YxNXqJTg4LssQhGDyOGTzQdboq49pDzH+Y9cYzE6oNTsqjzYgD9uBScUgRrZZVblVEn6h9lYC9sI0zcbCOShH/KllIoc10g72W8PLob5YwqfTnZco9Rfv2LOzaso34j2tDuYMpGZZTYDkeAEcz6/Gh64L9k8nmZDGcywVjq1Km1rp6/rX08rxQ7GZ1O58VRkuY1TyCUBy6mwbPOxhq4dA3ylJNTaFRxpBpbI3ZvPagB03xoxUadQqIxxh9vlv8EUpOVbbYJzudzKmSIRAJEJCkmhj3tSRKvXnpZr8yh6DFTN8VzKRMUiskzKY9LWNIYpZujq0qdvyq8sbca7YZiLNHLu47oyLRWLx926/N9a1d6DGf6Snzxc4bxZjn4MtJQVkca+rTKFYqeh8O9eYx0kM+5lNnHiPG51DxQxF9CxFX0k94S4WRa6absE+p5Yv8GV2eRXtdKho/mzbHuyzEnkKO3xxo3aKVeGTZvXGMwhn0eEUVizBi3W99qs3zbHXifaXMxpnCgVzk5o99P8ALRmNZJFq9pFW9x+rtiXI1sI9lOJvPEPlEPdy0NKhGA093Gx3Ir2mIG/SuYOCx4cl6tNemF7J9osw+XzsngaWOeSLLppIHsK0YYAkkgNvy5HljnxTtTMIMvm8uFfLtCZMwmm3C+FSyb842NspG4BwmRMjdCpXbYgdK6Y6kgi1wqZzjmYizESMytBM0MayKnijkIRiHHLQ6lqO2kjrhmhh0yOxYkHkCdhv0wuRTllcydw6FSDVgbH1xbrGDR57eWKPGHdUOgXuLvywB2cuJ5hr0A6VABJrmb5D3YmKMSmvEbPwxnCDtpagr6IJ/KPKvLY46Bm6KvuL/wCmKJQ3rQ04H1+h9Di3LNYHd1dAm969Kw0stM6O3oB6kjFbMyMAQniNfC/UmhjA0mze/qftPTC72h4nMrRxZeIsx8TDkACaGpuVH3jCJN9D4x5LPD4pSp1MwKnxCQWG2+jdkDpsdt8L3yHMQyER0FPiAUKSST4rLi9J2HpWHXJONtt3F0DY28trr1ONOLRbBnpRy/o3z5dMV7ouUWl2T12qMuUKQM7jvI0EEti7OpXF/SHM6ht6eeCkcMoXd1DkbUvhU+4USMU85lpVzWqOW1CUY7obdRvRP2Y7yZjcKHA53ZF4wNdC2O3C9svjr7FpOLZyzuakjRdRWSQUWCitVXekG+nLfCr2ngzEcvyj5FMEcqHoaiV0e2ShI5+f5PrhyVURgRRlYeBTW/KzXU10wMHEpoHdqnTe3U+IEeV7hb86GLvprwt+OfqZPqGuVUlET+B8Qy8WfJFGFwFDNq0r4QdRXr4vMXW+GvMdsdM6RRgsdLGSjpAHnvzJFkKN6OAPaGOTMzd4MvpT2o3UW8m2zSEclXmKHJd8BuFcOkd1imJ+c7tNqLaWtyUJHU0WI3rGv8NVKSul2kVviXOGIs9Xfiq93GoihkZ3UKVs0A2oM5rpV+8jAftR2viyZsZZHfWGHLagxZha7G6s+owT7NcMXLRnLqdW4OrSRqXTQvc2RVfDCB2xBnzLxqRsLLG6UdRt0pR62cVtJb5Lnz8qHqKaSR6zk5su8av8miCuitui7hqaiNPnuR574t95EVAEEbAEkAAUCRuarY1hB4VxGVFnnDJ3s4iEK6tXdKARbLyBAJOnmaC9LxW7R9rlaPuopHMZAUuF0yZhjYIUAAKhqyw52AKxq7MjvHyM/Eu1+XgZtEKeF7aUgAFiKOnbU71sSBXmcKvEPwkhFBhyKqATXsrsfaFBa36jGvAeyzy6ZJ10hRSR9FHlXQenPDBxDsvCVo6VPSyB+zCuKH7IrsVM1+FgBdceVAZypZC4G68jsm/IAHmKGJlvwwzsdIy16th4+VeVruRjnxDseVa9Kt5EEHFfLcEBZPCBoaxtV7EEft/ZhjjkFUeg9me3XfkpLEI3A8NvevbnVdOtcrvB7N8W7pWZ0FgWRf7BhFfhYYAqdEi7ow9pSOt+XSqwdy7jNoiy6e8hNSIAd7GxB/JNX8CPc5wwDggj/wAZ7xVZYfa8yLquYrYi8THPOMFCKFABuhyqh5DliYryxkryuSeC4or/AH6Yo8X4xDk4wzozNI2lI4wC0nlVmq9Ty2xvxPjMOXTXKT6Kot2/oqNz53yAx5rmeLZiefvrFuQIEG4Rb2G/0r9rr8KwtDjct0XwaGE+GME3bQSSqgHydkstAwVidrBZjQUgH2epOL0+ZzElVLoo2pCi9/Oxp5Y5NkY8wRmAyhTrjkYRjcKxBBoarQj188Gk4MaBSTUDyJ+l8Qf8MOlj2J6Z1xWJIWeJ5Boo5JVkkeZUO+s6j5DahQPQCsPGTnLRpq56BqB863/be2BGf4aQjA0eR0qCS1EHFzL5wHQrKUZgSAw2peZJ5Ae/nhiWFhBc4yWUa8W4TFOgSSgAQUI5qemk9B0rAc8Nj3V0ClN2agun11EUB67Y7cT4vlwG1VIqe272IkrnpY8z0CpZJ8seecd47NmWDQjRARUcLkENv7bhg1776egAxFOre+SOMpRXAz5psu58MxmAINDxAkcqYjT8b2xj592ZXmkaOJdehXPew9FOo/yo+uj9WBsnHIssgUKk8yBQQhIjQ14i8h2B6UBzxVj7Y9+6hstG2YDeBklOhQbtXA3bptdEi9uWHQ0sYNuPLINbtsg445x2EoYszJajN1ESCsihVbY7+IV57jqeY54NoIIpIw6aJNARJDR1C/Y1Dkb3A5UR5YX5Jprfu3Vb5x6AYyw5mmBb4hvfg1wbOMfDIb2Gm9O1Dcc96N1+qOmI9VTLblfsZXwNtVam3ww85oq/Qa7+q/t+3CPwfigbOGICnMwVuXQeK+psL7I95w15vMXHt1oLtXPrt58/dhd7O5bL5d5c2yqTFqSozds5As39Klr3Enriv6dBZakv/ImouxLgq9oeFJFmZSw0LpB1CrKEDwgCq1G787PS8a8B8eYGZnhPd7d3sedUoUGgR6jyxW43njPPqnPhuzGo32HsA/qjYseVk4aeG5dsz89OSlbJGjFQg+iKsWf9MbzwuC9BZWWMMWdLCwKW+fUjzvy92EXP9sZHsZeBGq/FI2wAJsbEb+768NmZgnFmOUbDZJEDD6xpa/eThK4vwmHU75l0hzDeyqN80Ntiy81uuR+vDI49xFgrQdsp3AV4VQC9RT/DUa/++WGbKZ9HyzZh4+706rVz5HajzF/7GAHBezLTqxlJVVbwNGoYE14iWIBNHYcwCDzw5cJ4XDloxECdJa7lIt29bFfDCywuhc4RayeQSlKHYgUCd9/t9+MDVHKG7sKdWkkkEuDVUB6nYE3zxOJ8YiyzRRSIGWTwhFILA9AF6iutiqwucR47rqBZJUbUdMbMrlar/uISQaug24s7nEUm8CQW6WAtxnil5wRKKCUCSK1HuydgffzxnC9wWFkmVTqJBb2iSR4T5m68sTDdkSeWljxwDZeOd5mmV4m+Ua5EWQsFRkV2CAKQSD022POt8MnZqEQLOe70OzqdiCd1ArUPI79DXuwMzEyd4x5WzqXPSmNV8dvqway2TcXNJSE20qaQEcKuxJF6TR577jcjEGqoUq/HH5V9v6JYwUMZeS++cljjdydRANADcn6Ok+ZO2/nir+D2VnV6RsrTfO5dgWS7JEkbPy18mFkWLoXZpcR4uyqqrExF2xDLrQVauoNqyN135E1ipxTPTF+8y2YgCSKuqJwATqG/M3yrfkKxS9MotjW/J9ePwNvipcoYeM9po4pykc8czOBpXvk7uMg0QQg1WfUn3bYpcQmYjXKNJkP0CxC0DuF5PpFE2BeFnJZI5VQTl4mbcFiCwUA7ezVuxAOoXW+3kSzMjt/KsLkXeNTSQp1I2u2qrJ335Y0JSSkorsfpq3jMkUzmHzWmRwoiQUqrYWVh/wBwp5E7qCPD78d87loFjMs8qRrdLRN8vohTZPu9b2xayOXRgLRBGBsWoK+xoBT7QHQcuuAcca5hzmHPedI7Wgqjl4eQPnWLCj7E23/VC/m8prVlgRliY2WkCh3o2AQoAVAd9PuvljpwDJdzTkAV1AJuz5Dfl9mGaTLbbfV5YrxrQ292/P7MPVcewVMc5LUWmmYsoRb1MzUE36n6ttzvjukqnV84GGkrrjO3u8/QjqL88AeKcP7zQAV2LMLFnVVDkRVE37wPcSHDYXVFVzrajqavavqet/b78JJe5HZW7MwlxE14vxORVUgsR3ikgILq9yCLGw+zHaficeUy4DKpJd5Na0/ickKTR8VDSB9uJmCqxytImtRGaUkUSxCrvpsbkG/TCxw45iVxocF3kUL1IK+yCT5eZ/JxFCrLyuEZt9EIzxBYG7sbwyOdBIE2s6mYeKwfZ9L9piPavDjmpY00hyi2wC3tqbpXmcL/AGXlcatRIfU4lQ3p2GwSzSnVVDlRPvxdiyifKe/kLGRgojiNsYL2J2sKDtv78SJ57HNhDiTyqlxDx8hZGkXzZ/1VG9edY8r49HA8g8RlZubtfiJO5Fez5benlh0/CHmCmXKqWsspZulXuCR9m3LCRwPhck992FJGxBYBm86B5gdaxLXHjLG7scDfk+2qRIIzlnVVFDQQ1UKHhOnbrzxpxPg0skYngnSd3RNcJ0Mjg82I2CiqNiuRrngVksrqfuqtht4eRHoTzwXh7JSBjpKBrFOCQyb2LA+zrhLVFdEqSA3EOyIjVnmbw1qYafADvsAL/ojruPXHHsydOlZ4ZBHJJq1ajoGsaVMh/VokWa8XQjDH2tleXwyZeZUik/lVFhxXM8gLNMN+nwx2TtLlJRJC6kQFNIdoyoYAC73vSpqtgcNwMlz0dI4e7lQgM5NkP9EqVOmyd7rpvzGJgRwHjk+ZzEfeL4gholaHs6Wav1ioYDatXXbGMUrHJS6JfLIauK8LDxhoQSwYa44tNgkm7diSo6kLvve/Snk8rmFtLaJuaJIXl6iixUADyq+VXjnxRMxqKRuYBI2nvF0gkXex3o19Ln0rfC9neE5qGPTJmG7gszHTfeseWl3oHSR/rhkJuScJPklcZRaS5TK+Q4hOzPujQ3/K6HcOV2KKzquxN+E7fk1jnnuHxtv3aFnYltQUsmw8hQryo3e3LHRGaNlZTcKqB4NiBpA1KORr0o7deWCOUjXS88rFYl3J6nyUep5YWb/1j0aemojCDlYDuDcRky+qJtTZfxGmXUke2wWzY33I5e7FyLj3D1J1LO4YgtKqjRqIFmrtgvSwRtQ5YG8Vy/f1PMxgiAqOMNyFb1yFt1OLnAu1uXy8cumCMqgAUBiCfVmKVZPIAdDzwkHl8dkN0NmZLhfQY8/2dyMkDZhp+8jrwyPLroHfSgLWpPLSN8BYuJ5SI923yjL8tLOoZR7+7JNepBwq5ntp4zLl8jl4ZSdXebuVNVajZQa611xTyPG8wv8AKHvw27LLbdfokHUvw29MSqbXuVKpyeVz+T0Z8tqQOjpLGeUkZ1A++jsfQ43yccbbO2kA+R8WE3K51A3e5JpI5AR3kFi2Xrs1Bx79664ZOH8QjzLMYRTJ7UTWCvuGxNdQLqxuRieM3jkkVyb255O/aHJRWhRtJQ7hTWofrHpfr9uKmTguydOnfUSfCOR+Pkf8MX4IkCO8ilAL1ajsoX6RIO986P1YCy8eR7jRtaE13gRhY3NC+Q5C6AqyPLDXJvgOI/5e5R4znggAjIYPsWseIEVW26je+e1eYwxfg/4SqR9+1AeKiSNh5n1ws8bp9I2DKVY111GgLobAKxrzIwz9mOCpmMsGMkqhnY1HIUFChVDY7gm/XE+MQKVkszbC3G8ocwFOYZFygolbYMdrDMxrSLrY/HngJL2nhy5EOWUldIUy0LJJNaTpOqt9yKxW7Xx/JyqCWV4/piQhxbXpA22IAbxbnlivlezkzGGWAKdfPVemILuNYG7X5DkcOiljLIM88B3PzyosjLTMzJ31hTShNvapQx2O10SaG2Mdm1EkpISlhAWJBVRhrskk+Ik+e/rinxCPNUFzDnc2FsaSf1aHiocr3xb7H6u9kA9nSNXvB23898LhbRd3OBry0KooVVAA5UPr/biwo88aLZPLbzxU41xiPLRh3BbUwARSNTX5X/s9MV+xS++bSNS8joiAagSeY8/r8r6Y814zmmnhMqRwd6JyFkMagolbDRRonnubob455/iD5tz3dosbsEiIJYgDdiboEH6PMYzw/LUKSwpJIWiRdbkUee1E4colurT8ZkE+x+VGXJdmaSWQ0zc9JAOqzyANKAMTAOCcnikZGpaBUgk+L5l2P7T+zGcOlXyU7bEpNDxxoiVwvQHSP8aHv+zFLj51RgkkPst/k7k6tJ6mqs+mO5Yq5cAlizBNuW55/wC+WFnOTOkssjDT3jhqY2GYClA5eGt9PljktK5WXZzzn9zoIxSwn0kczJHfdtLGoBFgmvTYddPPa6PuwO4pmklk7xWZ8tAQqLy72TnSjqOpJFjBAEPl9EojOnxKdID6QbYAm6TobO++AfZ+MyM0zqFUbRqNgo9B0v0x0c6lFce5DDUTumoNcIMfJjKe+mpmFVGOSXyUD/E4CcbyD6wV2/o8vqwclnRSHai4sAWBpHqTy9cU2zErboqsDuCTtV7bjmMLGmTLF19cVtfP4BMXBloWDi62RBFaQffi1DLKATJFQJGkr/rzwRykIkND9u1fAjDJUST5Jar6XFuKFWfhbA2Lscjvt7jzB9xwb7Jxz9887KkyxgAqw8VfqVRDEX4jd8jgrxKFNo4xZHOuvxwy8B4R3UQANltyeW5H+HLGf6lq/ho/K+WVJ11yW59iz2jnM0qjYwUGWIbaWvcSi/EwN+m/LA3M5LS6srlNv/luTpYEHby+OD/HO4DrrmrMEkKigjUFJFkry22s7GsCcm4lpYyGJYqCt1zqiedjni9o7lKhTf6laWMYF7OPNmJKgiddKhmUEM5C+0wI6c6HUk86x6pw+WFXgghtV7guigmtNqBqHnz9bBxcgyyooCqSQum/pUTZHoLJwo8XjGQzCGBCV7gqI7OxMg3BIJ8RPW98T6XUR1EU198GdatsuTp2o4amYzMa6170tpRACfCKLM5I2rpW314cXiAFCwOgUAC+u4IwD7MmRjKzqfDLKocgDX466+LwhQL2BvbbByA6uV1iacuMNjIR90SWNWXSwDKeYIu/rx2jgCLsoRPQAD6qxxnDKLA/+XL4/wCmOUPEiAQ7NJXRdK7dA1fbjM1evjViMcZLMKJSWUjp3DyWykDalXmPQtpYX7rwkdq2eKcIs7S5hgS0mhahTyQDZWO4uidjhnXNQy7kLEeviIYfE19mNM1wCKcACcMy3psqaB6GuYxBT6k5SW5LHuTqmMXyImXy4QBQNulnf4/64YMvlUECOqBWL6XcqTqJUm9jsoAFV192OPFuGSQ0JFH9Mcm8vdWLuT41E+UWMEGeJ3HdnboQDtz2Ir3Y23JSSaJrZLasAnhMiiaKOSLVIkkiLKv0vm2cljyJINkeZxMW+F8IaNMqwUkPbvtyYxvZ8+oXEw2UlkzrE8l/imfKuygWoNmud2eXTl5+mBOdkjkZGZk0gNSMaLEbn3kCsduIkd44sGmbluefn/vlgLmcmsljcj6Xqa3+NbfVjlNNCMZ7vp7nUun/AOa294FnM56WeQqrt3fJm5agOY220+QwbWXTS8gOQB6flHpfl6Y4z5QRFdBURsLAs6vCd9QrZr2rr54q8QyVqX1WPpeLSBfK7F46mhReJNmDZY6k4x/y9zv/AMWUDSdo7oOACb3oqzEC/TfF3NSz6BSJDEDezsS5rm1EqvnQA9+Azk6BGVjKsoPicA8uh3v3AYxLxKOWOMwh0mjID2B4hyG49oehGFm5Oa29FSM1h7nyZMjrciuzE2Bq8aN5jx+JSRyBP14vZTiOYJVI5pixpdEgUnoKBrcDld+/FZZCLKab21Iw8J93p9mHDgnBPk7JIYwwdVIK2TCSCWvzU3WoWRXLfEWs1MaYbn37C0VuUuOg3wvhCxKGejJ1I5A+n+eL6llUhXoWdq5X/n5YH57inc92qxu6t9NaCoL3LevkMXYoQTr1ahyAqtPw6nHDaidlkt9j76NlJYwxel7NlpTLGLZvaAB+bAHmOh2r1Jxv2djSBXzEilNDkBKolzQ2HU3sPO76YaIc2EteTbHoLHlfXGuXhErW3zgFNZ5XvVV5b2Ri7H1SXh8cliPu/fBWmuWL/D+KZ+eeSNxHllCkpYLE6SDuysBupv6/LADinGMzmMxFrXvGDLSJahwfZ8QJK7ENYO294a+0eQ1Sh4yQ+4bx7J4fjp2G+24JwtZbMd2Zc1KGZIQBA2sBbNAgdTQOwHUY6LRuhU+WpY4wslC2qTlFN9no0kqigSCT5EfGyccG4rCRS6tV1pXej6+Xxx5rxPj+YdQoQ/OUVW9ls8yeQHUfHHaPtBJltCkknSNWhLUftsnGVfZfYs5X4NCGnikPWaiaSgx0kcvF/rQ29MD3yjJfPTe5pRv6nmfftgOna2AjU0jX1XSbY+uLadpoKDtIFU8hzLV5D34yvFau02WVFx90WZ4o6FuYyeTLRB9bI+3GwhjjFXRA3cqFBs9dNAH4fHHB+0GUkQLrW3YADmbvbasDeIcadJNCqrInPSeZ/Vu6A8ufqMS1Rs6a/cbKO7oI8E7Sd8kscy6hExRlJ3ZR1Cnex5jCV2w4M0MuuBiySKCPVel/rA9cF83l5Gdc4igMSGZLrUnk9cz1J6YI8UlgiSI76ZDIYxWo2QuoCwaAI3Hrjb0l7U1BPh/wyG6pKDbBvZLtMzlIWhkvWe8lMhFERGgEPK9O4G1knExS4dxHXnIV0abaQnYHcRNzqunp1vzxnGrKt5MiUuewznoZCXIWvE1mjt4j0G+/+OKibCht8MEZHuWSrChm+O5vGmYn1mtJIHU1t7v9ccw7P9cHaVZWM88IEz5fX4dALNRQk0dYGw5jYjYjbCzxrMSlxGaQj2lQsPFZ2Oo7e8Yb82ikEUbOxB39xG2xwA7S8NaSPvB4pIwBIQBbJ9Fqu2Ybg41dBqEnsl+hl+qaRyj5IfqLssYICMNJoFTQAvrf5J253XPGYc0wJDswJ2DLQU/0qFn3g41zGZ8IoknSBZrlXKvPGBOxHsRkULYKb+u9j8MbRzDfIwZPJuJQ6gVsocsFAJ5hidtP22MekcElTuV0PqC+EnxbEbsu4uhew8qx5flZmYNGWGiwWWzzrbmBeG3sdxCQS9yVuNkJFfQKn/GyPgMZPrenlZTuT/x5L+hsUZbcdjNwuOQhjMwc620UPCBfhAob0K59bwQC1VD6v8vI4xGgC1QPof8AHHQGt7rHE2WOcsms+Dm+WDEBhdb70axyGa1u8UTG0ZVdl+gSNXM9Qvw3AwUiXkOpwgyQymWaOJirF27x9PNW3FMDy3I09dtxWNH02mFs2rOkV7ZPGEWuCo00uYnnDqTJStpKBlWwvWnGkBuRHPzxY/4ZFLIpdPm0BWFCPDfNmI8/fyo+eKmVzTRwwwRo7ErShqBHmxAJpSd+ZO+GeLL6YgoI2HoL8+fUnF7X6mSntr66SX9i1VqMfm7Bxy2g10O5HQ+7yrFSSEqPE6nel2W2HlZHPpeDLklbdaN7AGzt1/xxXbkGK3dCq3+ryxlRsknhlxSyhczXA4JRWkxA7WDsT167YHv2TvSE9lb0g3deeGeXU7F9JKJtVGr6XtyHkoON8rH3eoqK1eJvC5BPTxMRv02AxfhZYoZTIbJJvoDQdkVq78VbEj2fhjEHZ6VAEYqyWSWVadSfLnt6YIS9pJSxjTLPrPKwKHluTRvBHh/E43QXIDINnBFEH1Xp09MRuzUKOeGOUl1gDxZv5IuiddULEgOPo2dtW1Bd+e2F/tDIqxJqzCSSrsoGxCkmqX6R258ze/THoMmXBDBvErCivSqx57x3szJGQYLLB71mgFBFab52b5DyPLFv07VRc0nw/wCyLURzB4KfZqY/K8uDpBJcHbfaF/IYmCHAOGqs8DWpbx7jl7D+/evXpiY6bzJmLKmWQvnJaaQDYl25f0jv9WNY7QUvXr9uOksOl5Nzu7nny8RxXiLXYJIvbVSr/RDH/wC8crt3SaidpvjCtOT4KUmcHelCRQ8O5Htev+fpjWUya/mV8e47xr0jboPpA8rO2KinS5aifnTQO5axyryBvfoN8XZOJ7GjqosKA3JHOhV0PMc8aHw7i4uK9v5Ma71WCjLdzz0voAeJ5ZFLNIAXJIbSFC6uh09BvdAVYwEysIYkEkC+X5R6A0RXpgtmso0qyuXAMZ8QIHiYmqG/PyP2Yq8OiCPZcJtRtefrXM/DG3RFxj8zyY17Vkk4rCZby0iAtr1FQhDlBbIa8JDHrf21eHzsfw0JGJklZ0cAqGUqwBG9knfcbdMLHBhpRlUkobFEbMD7QfqbP+WGfhnaONaQ1GoAo1sKuwP2UMYfqt9lkXCtfn8GnRonXFWNjLLLpWzy26gDf3/ZjoWNA+XnveKkeZRpTEtPpUM296b5D39a8sc+IThXRdyTyH++mOWVbUkscllYkb8cnPcsoJBchRp5rZBYjqdtvjjgcpo1zIW8dFlNlmIFAAk+zQrT5k4V+2PEVkl7vb5sc7NKTu11/wCq354v9nUiEepZmlJ02CSQhO9AH3/XeNf4adVCmny+1j6kUGnPai9wzKGFGkLNJJJdDl4btQAfZ2+vri/F4h4hR8r5D/PGNJB3Nm+fl51jED6ms7gdOpP+A+3Fba7G2/bt/Ys428nRXUbDfn8Pf/rjZQbvY3yXoT5kj7BiKQNtvcOpP2Y5ZhgPaNnyGwH+ZGGRpc5bl0H2OshYe2RdfRsUMU5JVIuytdR/+3pjO7btfu6nG+XQezVWOe3+Ppi/VoHOWXwvp9hXiMfuZXR7WrxfsHx6e7nihmTC8gtWjl5CVF3BPLxA8vQjFjLRJem1Xc0nLb/Z5YrZ7KeMAWdQsgGid62PQ4vaf01LLl+nJFKXHZlc9Pl3CTnvYnNK5FEN0BI9m/cfQ9MDe2vEg0caoJV1ubQAatSAblrI0Uel3R8sbcWQZqKSCLvgUKnS4sk+Wo7HxepwIyuUeIxGX52ORAF1E/NsbJHv1CvSiMOq08IT3PDkvp/0rTkpPHWTlwDUc1CpNSWxZdyCO6eiDyvcWMZxp2cz6y5tB3ekgtsTZNRsAQD7O2xBJ9+JjU3SfJnSccjNnR4nJ5amG3NjZ2Hka6npZvA9izt4+Q9iMbKoPl5mvpE9cEOJZ+Id8wdPmi3hLqCdySOd3foeXTC3LxyKdCEIjJG6uVa/PR5nruB6HGXVS4rC/Uf6lrpzShXz/wALBjRSx8emzoIbcqep50vS+vQHBLLcOy8aBmI1EE/N2SLN6mB8JJI3LC/KsL+XmVxoYoo6gFefxI9NtsW5GjGgNKrKORLAL7jV+Lfnf2Ysb5J8IzITjXmUn834z/AXVgw0nMFgTybkxH9E2teuw8sK/EI0SVozpbTf0d1PoSAx9R7J9+CfEXVFR4yl70pcG/Maud11IF7Y58S4hFPGA7wwtqUxtIFW1A3BKsWJvrprYYmqk9xfhqnPh4x+MA+PMMANybO2lbLXyr0xpxFZk2YAMDZFDbbb34tZnOQxvCY5UkbTpk0SeCyehoHTuemKWeniWTMAsGAdaph4vjfL4Ylr0+HuL1uq3Q25D/4M+J3PLC/iLrrBA5FTR9eR5Dywc7aZyJGRWY94y2FCk6QDs2oEFSTtW91ha7O8XifMROqRRSIk10UCsSnh2oX05t0O3XHDjOdy7yAzTsZVFEqAQ9E0Sd6NGjRxnW6GPxm/Hy45/JFG1qHZ1HCmrvO97zWddjbbmbH5Qu+mGHsnk1jRm1aizBgCKG96SAeZAFlvdhYyssTuoVhGlVTsq1sTuwYjc2PccOmZzcYXu43iB0gBg67gAX1vkAN8W9Ss17UTUyg5ZOOfzAII1aS/sn08zXKhv8QOuOUXENDm4316EXQ216dVm7NAk8zufXoPm3U2ysJECoO9HhJ5NIL3CqLoHn8MW8toNBswnL2iym/fvivVo4Ova+n2WpWpvsOR2E1Ns5HQGhfQX6bYmXjFayfD03/3ZxTkzkKhQ0yMARVyKbPr5C8Zk4hGf+7F+r41oed74sx0laS46DypLssyy6j5V9nr5e7HSNV0GwCTzvnXuwNTPKNJDxAH2iXXV+w9eW3LzxcmzkI0jvYwNzsy/t3xYjCK6Gb0/c3EYI32JvcbHY/4c/rx0AgZWpyXRCSNfT4eZ2PlgbPnoAoZ5o1QMPpA78j5178XI4YhUwzsLxkg7SC2A5DY7/H1xHc1jAyc4e8jPDgtA25JJ9SNuXnt5/XeFrtYRFmVJUF1CyzAbg3YVVXlbeHnuTv54YeG8ZgjjndnVStsDY5V7Q3336DywlZjMiZmmldeYYRl0s9NTG7LUdh05YSFEcvHv2VrrYp5bOXZyNVzsVgBiz2AV/MMQSOe+/PqDiYscEUfK4WRlO7arIIrupKPwO3xxMT8LgpSxk887S/9XmP/ADy/xGwNwx5maFOJTNOmuJcxKXQfS8b0NiNiavBtzl48jk82+ViYyZiVZVpgGRNPhXxbGid8RFcQTjGHvi3Z3vstknykNtL8pBrYyBJSE2J3fQOQ3wr5Xgs8i60jZh4q5W2kW2kc20jnQNYABoxKw09jeDRypm8xKuuPKw69F0HdjpQMRvpBtjXOq64sQcKTN5CfMrGkcuWliDaPCsiSkqLBNBlYe0KsHfleABOxMGM72czEJYSxFCrIptl2Li1HtdQQb8sH+13BO6lOShy6logr98G8TL3S6+8N6QNZJBNVsBgASLxkYLw9msy7OiwsWRBIwsewRYYb7rW+oWMEOCdnJ1zcaSwWFnjjkV6okkEqN/EdJulurHmMACwLxDhhz2WjTiUkQRTGubdAh5ae9Kgc72GHjLdlY/8AjM0LZQfJF70LatpGiNmUhr53XXfAB5LeJeC2X4JPMDJHCSp7wjTQB0DU+gE22kcwLrHXLdls3IsTJCzLKCYyCvjrmF33I/J5+mAAJeJhn7FcGklzOXJhEkLzpGwfkw1LrAFgkhTe3LBLNcFR8pmjFEveRZ4Rq9gERkS7Ek1VhQMACNiXgmnApy0i92wMTBZNVKFYmgCWIFk8h1xIeBzszqImBjYK+ql0sbpSWoajRoc9sAAzEw3ZXhQbh84aEDMR5qGJSRTgsJNSGz5gc+VYWs3k3icxuKYGiAQf2gkYAK2M1gtL2ezK6Q0RBLhKJFh2FhWF+FiOjUcFO1+XiyrNk1iQvGY7nDWxYKwlGxI0lzQU8hGPM4AOH4O/5wg/rP4T4mJ+Dr+cIf6z+E+JgAG9pf8Aq8x/55f4jYNcR4pA/DcvllkbvYZZZCNBAOvTsDfMVgL2l/6vMf8Anl/iNjtLwkRqnfSd2zgMECliFPJn3FXzrc10wAM/Be0uXi/4Vqkf/lGmaUBD9Ny40779B0xzXtYoigRJnhMBmFog1SK8jOCrEeBzZU3tyOFHieQML6Syt4VYMhtSGFijQ6Y6Z3hLxxQzN7MwYr/6mt/fzwAEey3HFgGYhkBMOZiMb6eaG7RwOuluY6gnFhOLRQ5OXJxSF/lEsbTS6SAqR2VVVO5Ookk7cgBeKDcEUZYZnvRpLaAuhr16bryr1xWiyCmLvO88WrSE0myxuhfLl1wAMXH+LZbMZWKIySd7lmCRSFD87CQPb32dWvT+rQ9cW+K9qMu+Yz2lm7rNxRqJNFGNk0EWvMqdO9eYwuRcEQzdwZ1WW9JtToDdV1c7HLlV9cBpI6YjyNYAH+PtTl9TKWdVThpyaPoJLsebkX4VuwBzqsDuE8dg7rKRysUOVzLS2q6u9VmjJ67ONFb7UR5YXuNcKfLymGT2gFO3WwD/AKfDFuXgYGWGZ70aWYoF0m9QFkeVeuADrns9E/EXnDnumzLShtO+kyF/Z8+mGbK9qMqvGJs+Xfun70qNB1W8bLRF9Lu8ecYmAD0Lsrx7JwLl9UkgaM5pZPmy+oSxsiNHbUgAILAAE11xOC9pMtEeF6pHIykkzSVGd9cmoad9z0x57jOAB74b2gy15HvHdRksw8nhSzKrTLICN/C21EHpW+2OE/FstJl81AZXUy5wTIRGa0gSe1vd+Ll6YSsTAA/cc7Vw5tcxE2qJZZ4JEkrVYih7khwN7IGoepPvxnjvayHNiZH1Qq2ajnR61EhYREQwHJqAYHzLe/CBiYAPTD29gLZuUp/1OYjYwst3EEaN/GCCshVtQZdww54Vsnm8rl8/HNHrmy8cquA6hWKhrojkWH1GumF3GMAHp3ZziUevfVJGcw+dnnZCqkQKzKihvaJkYA+rqN+ePOc5mWkkeRjbOzMx8yxJP7Tjt/xOXuu47x+6st3dnTZqzXwB94xRwAMv4Ov5wh/rP4T4mJ+Dr+cIf6z+E+JhAKnGNPy+bV7PymTV7u9N/sxf/CMP+fl8qjryru15emBPab/q8z/55f4jY6PxguqiWNZSihUZiQQByBKkagOl4UCpl8mzyIlEF9NX5Hr7q3+GG5iuYyeYiVgxgfvogAdo60kbjyF+84XX44zP3jpGzaAg2ICqFK0ApH0TV4xwbjLZd2eNELMCvisjSeYq+XvwooTm/mhP/wAo/wAM4ExX3Fr7XfrVeek1WOuU42UR4iiPC7BjGbpSORVgbB+OOE/ESdARFjVG1Kq3z23Yk2TsBgEGT/jGTzL6c3lzFMxppojXi5WyH1588BctkRFmZQ7ArAXJbeiVNLy82rEn46XkMzQx96Tq1gEC/PRem764qDiB7t0KKS5tnN6ibJHWuuAUP9pEE2Ty+YDB2juCRhe9boTe/L7ccs3/ADRD/wDlP/8A4OBuT420cDwaEaOQgvquyQbBFHYjGf8Ajh7hcuYozGrawPFeoiib1fswBkFNEQA1bEkA+ZFX9Vj68csEc/xMypHHoREi1aQoO+oiyxJNnYYH1hBDGJiYzWADGJjNYlYAMYmJiYAJiYmJgAmJiYmABl/B1/OEP9Z/CfExPwdfzhD/AFn8J8TCAUO0LVnMwaBqeXY8j843PB3jeXjRsqsWWjfvoI3ZQGtmYkGiGsf4YA9o1JzmYAFkzy0B1+cbDVxvNyQyZHdli+TwrKpvQRqbUrjl7PMHfCigfiGShh4gYo9MsXeKtNvWoixY5kbi8WONGOHNTKuWjaCKRVawbo9L1XZ3o458T4T3XEgkSN3XfIUoEjTanY9QL54vdrHzMuYny6o7o8ylNjQIFbHlRvz6YUBTaISSlY/ZZyEvoC21/DBTthwuOGSNod4pYkdD57aW/aL+ONoeHNA8zhTIsWpFNGmY+EnboBqNg9BggYzmeG+GOny8lqBZ1I/PTqJJpt6HLABwm4RJHDBLHlxNE8as76S9sb1KaNpp5bV53jThfDocxmJXVSmXijMjJe9Ko8IJ33a9/K8Zyy53KiM5eSQpIiuO73FkXTLuARy354LwcWjOZmR9CNmMsI5GFBRNp8+QB5H1wABOAxx5qb5O6IneBu7ZBRjYKSt7+JTVG7O/PHbs4kALx5qJSokWMyCw0ZbWNV3uAVGMdksq0OZWadWjjh1M7MK5KQFX8oliAAMUJFeSLMSaGp5ka6Nf90n6rwAWJMgctJmIZI43aNNSsyk34kAK78iDeO3DI4zkJ5jFGXieJVJB5MTd774sjiSZjISd4f8AmMvGqA9ZImkQC/VDXwxy4Tl3PDM0ArW0kJUUfEATZHmB6YAMdmYcvMndTIqtI3dxzCwUfTalt6IJ8P1YHvlzCs8UsS95GQLYGxZrbflW49+OAy7/ACbVpau9u6PLRzvyvrg5xXPpmckZ2NZiPu4pf/7Fu0f37EHABQzeSXL5eByqtLOC41C1RAaFDkWPOzdYH8QnhdYykYSQau803pb2dJAJNdbAwZ4zJ8pyuVaPxNChikQbsKI0tXMqR188V+NZGCLLwnQVzEmouhcnQoPhNdC3kcAgt4mM4xhAJiYmJgAmJiYmABl/B1/OEP8AWfwnxMT8HX84Q/1n8J8TCADe0p/5vMf+eX+I2BwbBHtN/wBXmf8Azy/xGwMwoHQyE8yduW/LGuo+eNcTABtrxNWNcTAB2SZluiRfOiRfvxyxjEwAdWlYgAkkDkCeXuxoGxriYANlasTVjXEwAbaziasa4mADpHIQbBIPmDWMM1mzucaYmACYmJiYAJiYmJgAmJiYmABl/B1/OEP9Z/CfExPwdfzhD/WfwnxMIB6lnuxGReWRmgtjK5J7yTe3P6+K34h5D8x+8k+/iYmACfiHkPzH7yT7+J+IeQ/MfvJPv4mJgAn4h5D8x+8k+/ifiHkPzH7yT7+JiYAJ+IeQ/MfvJPv4n4h5D8x+8k+/iYmACfiHkPzH7yT7+J+IeQ/MfvJPv4mJgAn4h5D8x+8k+/ifiHkPzH7yT7+JiYAJ+IeQ/MfvJPv4n4h5D8x+8k+/iYmACfiHkPzH7yT7+J+IeQ/MfvJPv4mJgAn4h5D8x+8k+/ifiHkPzH7yT7+JiYAJ+IeQ/MfvJPv4n4h5D8x+8k+/iYmACfiHkPzH7yT7+J+IeQ/MfvJPv4mJgAu8E7I5OKeOSOHSw1UdbnmjDkWIxMTEwCn/2Q==",https://search.lib.byu.edu/byu/record/cat.7289882.item.7289882-1001?holding=waf179wixhqc3qlh
Decision making,e037,,"Reason and less
Pursuing food, sex, and politics","Goel, Vinod",2022,"Decision making,
Reasoning,
Logic,
Cognitive neuroscience",https://www.syndetics.com/index.php?isbn=0262362457/lc.jpg&client=sirsi,https://search.lib.byu.edu/byu/record/cat.7407707.item.7407707-1001?holding=eqrmyck3adic7uta
Decision making,e038,,"The elements of choice
Why the way we decide matters","Johnson, Eric J.",2021,Decision Making,https://www.syndetics.com/index.php?isbn=9780593084458/lc.jpg&client=sirsi,https://search.lib.byu.edu/byu/record/cat.7302176.item.7302176-1001?holding=xhwsl41bqnyymblc
Concepts,e039,,"Perspectives on abstract concepts
Cognition, language and communication","Bolognesi, Marianna, Steen, Gerard",2019,"Cognitive grammar,
Abstraction,
Psycholinguistics,
Concepts",https://www.syndetics.com/index.php?isbn=9789027262523/lc.jpg&client=sirsi,https://search.lib.byu.edu/byu/record/cram.110.EBC5778059.1?holding=nv7depf57m0cbqlt
Concepts,e040,,Choosing normative concepts,"Eklund, Matti",2017,"Normativity (Ethics),
Metaethics,
Concepts,
Philosophy of mind",http://books.google.com/books/content?id=-WEwDwAAQBAJ&printsec=frontcover&img=1&zoom=1&edge=curl&source=gbs_api,https://search.lib.byu.edu/byu/record/cat.6862794.item.6862794-1001?holding=zw2r2i0i17d0xhzv
Human information processing,e041,,Introduction to modeling cognitive processes,"Verguts, Tom",2022,"Cognition — Data processing,
Cognition — Computer simulation,
Cognitive learning,
Cognitive neuroscience,
Human information processing",https://www.syndetics.com/index.php?isbn=0262362317/lc.jpg&client=sirsi,https://search.lib.byu.edu/byu/record/cat.7411371.item.7411371-1001?holding=9qk6igx9gehcegw2
Human information processing,e042,,"Oscillatory neural networks
In problems of parallel information processing","Kuzmina, Margarita",2014,"Human information processing,
Neural networks (Neurobiology)",https://www.syndetics.com/index.php?isbn=9783110269208/lc.jpg&client=SIRSI,https://search.lib.byu.edu/byu/record/cram.110.EBC1130394.1?holding=76sn5k0dahynk6qf
Categorization (Psychology),e043,,"Categorizing cognition
Toward conceptual coherence in the foundations of psychology","Halford, Graeme ",2014,"Cognition,
Categorization (Psychology),
Concepts",https://www.syndetics.com/index.php?isbn=9780262320702/lc.jpg&client=SIRSI,https://search.lib.byu.edu/byu/record/cram.110.EBC3339923.1?holding=4xtew872evdgydzj
Categorization (Psychology),e044,,"Discourse and the continuity of reference
Representing mental categorization","Zelinsky-Wibbelt, Cornelia",2000,"Reference (Linguistics),
Categorization (Psychology),
Psycholinguistics,
Discourse analysis,
Language and languages — Philosophy",https://www.syndetics.com/index.php?isbn=9783110808698/lc.jpg&client=sirsi,https://search.lib.byu.edu/byu/record/cram.110.EBC3040533.1?holding=fvxd7bnsuo33xk2y
Judgment,e045,,"Higher mental processes
Selections from the american journal of psychology","Proctor, Robert W.",2015,"Reasoning,
Judgment,
Problem solving",https://www.syndetics.com/index.php?isbn=9780252098116/lc.jpg&client=SIRSI,https://search.lib.byu.edu/byu/record/cram.110.EBC4306064.1?holding=3yc4lvoyhg4dx973
Judgment,e046,,"Neuroeconomics, judgment, and decision making","Wilhelms, Evan A., Reyna, Valerie F.",2015,"Economics — Psychological aspects,
Judgment,
Decision making",https://www.syndetics.com/index.php?isbn=9781317652748/lc.jpg&client=SIRSI,https://search.lib.byu.edu/byu/record/cat.6490330.item.6490330-2001?holding=imt7jciua47fs7fs
Insight,e047,,"Aha!
The moments of insight that shape our world","Irvine, Willima Braxton",2015,"Insight, Epiphanies",https://www.google.com/imgres?imgurl=https%3A%2F%2Fimages-na.ssl-images-amazon.com%2Fimages%2FI%2F81OO2Ksv0tL.jpg&imgrefurl=https%3A%2F%2Fwww.amazon.com%2FAha-Moments-Insight-Shape-World-ebook%2Fdp%2FB00OY53S0G&tbnid=qN5fderUrKqw1M&vet=12ahUKEwj7nN2QnKz4AhUPIDQIHbUWDKUQMygAegUIARDCAQ..i&docid=0DfYn5gzRvLXaM&w=1600&h=2241&itg=1&q=Aha!%20The%20moments%20of%20insight%20that%20shape%20our%20world&hl=en&gl=us&ved=2ahUKEwj7nN2QnKz4AhUPIDQIHbUWDKUQMygAegUIARDCAQ,https://search.lib.byu.edu/byu/record/sfx.6887652?holding=tibs59zehvboor0q
Insight,e048,,The Nature of insight,"Sternberg, Robert J., Davidson, Janet E.",1995,"Insight, Problem Solving",https://www.syndetics.com/index.php?isbn=0585246610/lc.jpg&client=SIRSI,https://search.lib.byu.edu/byu/record/sfx.3106691?holding=ci2be4s8ejeoy6dm
Psycholinguistics,e049,,"Sentence comprehension as a cognitive process
A computational approach","Vasishth, Shravan",2022,"Grammar, Comparative and general — Sentences — Psychological aspects,
Psycholinguistics,
Computational linguistics",https://www.syndetics.com/index.php?isbn=9781009064385/lc.jpg&client=sirsi,https://search.lib.byu.edu/byu/record/cat.7305235.item.7305235-1001?holding=0fzr5j14rqyoyxn4
Psycholinguistics,e050,,Multilingualism across the lifespan,"Royneland, Unn, Blackwood, Robert J., Lanza, Elizabeth",2022,"Multilingualism — Social aspects,
National characteristics,
Language policy,
Sociolinguistics,
Psycholinguistics,
Language and culture",https://www.syndetics.com/index.php?isbn=9780367646820/lc.jpg&client=sirsi,https://search.lib.byu.edu/byu/record/sfx.7458166?holding=bx3zmfca77efo83v
